,date,FTR,bk_H,bk_D,bk_A,Prob_bk_H,Prob_bk_D,Prob_bk_A,possession_h_moy,possession_a_moy,points_h,points_a,points_h_last_5,points_a_last_5,total_goals_h,total_goals_a,total_goals_taken_h,total_goals_taken_a,total_ontarget_h,total_ontarget_a,total_shot_off_target_h,total_shot_off_target_a,total_blocked_scoring_att_h,total_blocked_scoring_att_a,mean_rating_home,mean_rating_away,H_Arsenal,H_Bournemouth,H_Brighton,H_Burnley,H_Chelsea,H_Crystal Palace,H_Everton,H_Huddersfield,H_Leicester,H_Liverpool,H_Man City,H_Man United,H_Southampton,H_Stoke,H_Swansea,H_Tottenham,H_Watford,H_West Brom,H_West Ham,A_Arsenal,A_Bournemouth,A_Brighton,A_Burnley,A_Chelsea,A_Crystal Palace,A_Everton,A_Huddersfield,A_Leicester,A_Liverpool,A_Man City,A_Man United,A_Southampton,A_Stoke,A_Swansea,A_Tottenham,A_Watford,A_West Brom,A_West Ham
0,2017-11-08,0,1.53,4.73,7.25,0.654,0.211,0.138,70.0,30.0,0,0,0,0,4,3,3,4,10,3,9,3,8,0,7.30714285714286,6.64642857142857,1,0,0,0,0,0,0,0,0,0,0,0,0,0,0,0,0,0,0,0,0,0,0,0,0,0,0,1,0,0,0,0,0,0,0,0,0,0
1,2017-12-08,2,11.75,6.15,1.35,0.085,0.163,0.741,21.8,78.2,0,0,0,0,0,0,0,0,0,0,0,0,0,0,6.30857142857143,6.90285714285714,0,0,1,0,0,0,0,0,0,0,0,0,0,0,0,0,0,0,0,0,0,0,0,0,0,0,0,0,0,1,0,0,0,0,0,0,0,0
2,2017-12-08,2,1.33,6.5,15.25,0.752,0.154,0.066,61.9,38.1,0,0,0,0,0,0,0,0,0,0,0,0,0,0,6.39642857142857,7.05230769230769,0,0,0,0,1,0,0,0,0,0,0,0,0,0,0,0,0,0,0,0,0,0,1,0,0,0,0,0,0,0,0,0,0,0,0,0,0,0
3,2017-12-08,2,1.85,3.6,5.51,0.541,0.278,0.181,56.7,43.3,0,0,0,0,0,0,0,0,0,0,0,0,0,0,6.53615384615385,7.23357142857143,0,0,0,0,0,1,0,0,0,0,0,0,0,0,0,0,0,0,0,0,0,0,0,0,0,0,1,0,0,0,0,0,0,0,0,0,0,0
4,2017-12-08,0,1.82,3.83,5.81,0.549,0.261,0.172,61.6,38.4,0,0,0,0,0,0,0,0,0,0,0,0,0,0,6.99357142857143,6.60615384615385,0,0,0,0,0,0,1,0,0,0,0,0,0,0,0,0,0,0,0,0,0,0,0,0,0,0,0,0,0,0,0,0,1,0,0,0,0,0
5,2017-12-08,1,1.65,4.25,6.85,0.606,0.235,0.146,59.6,40.4,0,0,0,0,0,0,0,0,0,0,0,0,0,0,6.83357142857143,6.66857142857143,0,0,0,0,0,0,0,0,0,0,0,0,1,0,0,0,0,0,0,0,0,0,0,0,0,0,0,0,0,0,0,0,0,1,0,0,0,0
6,2017-12-08,1,6.88,4.29,1.65,0.145,0.233,0.606,45.6,54.4,0,0,0,0,0,0,0,0,0,0,0,0,0,0,6.69142857142857,6.78,0,0,0,0,0,0,0,0,0,0,0,0,0,0,0,0,1,0,0,0,0,0,0,0,0,0,0,0,1,0,0,0,0,0,0,0,0,0
7,2017-12-08,0,2.65,3.3,3.3,0.377,0.303,0.303,28.7,71.3,0,0,0,0,0,0,0,0,0,0,0,0,0,0,7.02857142857143,6.50357142857143,0,0,0,0,0,0,0,0,0,0,0,0,0,0,0,0,0,1,0,0,1,0,0,0,0,0,0,0,0,0,0,0,0,0,0,0,0,0
8,2017-08-13,0,1.33,5.79,12.01,0.752,0.173,0.083,55.4,44.6,0,0,0,0,0,0,0,0,0,0,0,0,0,0,7.67785714285714,6.07785714285714,0,0,0,0,0,0,0,0,0,0,0,1,0,0,0,0,0,0,0,0,0,0,0,0,0,0,0,0,0,0,0,0,0,0,0,0,0,1
9,2017-08-19,2,2.1,3.63,4.16,0.476,0.275,0.24,71.3,45.6,0,1,0,1,0,3,1,3,2,4,2,4,5,1,6.5,6.69,0,1,0,0,0,0,0,0,0,0,0,0,0,0,0,0,0,0,0,0,0,0,0,0,0,0,0,0,0,0,0,0,0,0,0,1,0,0
10,2017-08-19,2,2.75,3.2,3.13,0.364,0.312,0.319,38.1,28.7,3,3,3,3,3,1,2,0,5,6,4,9,1,1,7.05,7.03,0,0,0,1,0,0,0,0,0,0,0,0,0,0,0,0,0,0,0,0,0,0,0,0,0,0,0,0,0,0,0,0,0,0,0,0,1,0
11,2017-08-19,0,1.76,3.85,5.5,0.568,0.26,0.182,30.0,21.8,0,0,0,0,3,0,4,2,3,2,3,2,0,2,6.65,6.31,0,0,0,0,0,0,0,0,1,0,0,0,0,0,0,0,0,0,0,0,0,1,0,0,0,0,0,0,0,0,0,0,0,0,0,0,0,0
12,2017-08-19,0,1.39,5.31,9.5,0.719,0.188,0.105,54.4,56.7,1,0,1,0,3,0,3,3,5,4,8,7,1,3,6.78,6.54,0,0,0,0,0,0,0,0,0,1,0,0,0,0,0,0,0,0,0,0,0,0,0,0,1,0,0,0,0,0,0,0,0,0,0,0,0,0
13,2017-08-19,0,1.75,4.02,5.45,0.571,0.249,0.183,66.1,33.9,1,0,1,0,0,0,0,4,2,1,22,0,11,2,6.83,6.08,0,0,0,0,0,0,0,0,0,0,0,0,1,0,0,0,0,0,0,0,0,0,0,0,0,0,0,0,0,0,0,0,0,0,0,0,0,1
14,2017-08-19,0,4.8,3.92,1.88,0.208,0.255,0.532,38.4,70.0,0,3,0,3,0,4,1,3,1,10,6,9,2,8,6.61,7.31,0,0,0,0,0,0,0,0,0,0,0,0,0,1,0,0,0,0,0,1,0,0,0,0,0,0,0,0,0,0,0,0,0,0,0,0,0,0
15,2017-08-19,2,12.01,5.33,1.4,0.083,0.188,0.714,40.4,55.4,1,3,1,3,0,4,0,0,0,5,2,8,2,8,6.67,7.68,0,0,0,0,0,0,0,0,0,0,0,0,0,0,1,0,0,0,0,0,0,0,0,0,0,0,0,0,0,0,1,0,0,0,0,0,0,0
16,2017-08-20,2,2.16,3.6,3.85,0.463,0.278,0.26,67.7,32.3,0,0,0,0,0,2,0,3,0,6,0,6,0,7,6.41642857142857,7.05307692307692,0,0,0,0,0,0,0,0,0,0,0,0,0,0,0,1,0,0,0,0,0,0,0,1,0,0,0,0,0,0,0,0,0,0,0,0,0,0
17,2017-08-21,1,1.35,6.15,11.27,0.741,0.163,0.089,78.2,61.6,3,3,3,3,2,1,0,0,4,4,5,3,5,2,6.9,6.99,0,0,0,0,0,0,0,0,0,0,1,0,0,0,0,0,0,0,0,0,0,0,0,0,0,1,0,0,0,0,0,0,0,0,0,0,0,0
18,2017-08-26,2,12.0,6.75,1.33,0.083,0.148,0.752,68.43,65.4,0,4,0,4,0,3,3,1,4,10,8,9,8,9,6.42,6.72,0,1,0,0,0,0,0,0,0,0,0,0,0,0,0,0,0,0,0,0,0,0,0,0,0,0,0,0,0,1,0,0,0,0,0,0,0,0
19,2017-08-26,2,2.12,3.5,4.41,0.472,0.286,0.227,41.57,41.0,0,1,0,1,0,0,4,4,5,0,11,5,4,2,6.61,6.36,0,0,0,0,0,1,0,0,0,0,0,0,0,0,0,0,0,0,0,0,0,0,0,0,0,0,0,0,0,0,0,0,0,1,0,0,0,0
20,2017-08-26,1,4.21,3.48,2.3,0.238,0.287,0.435,43.3,62.85,3,4,3,4,3,3,0,2,6,7,3,22,0,14,7.23,6.8,0,0,0,0,0,0,0,1,0,0,0,0,0,0,0,0,0,0,0,0,0,0,0,0,0,0,0,0,0,0,0,1,0,0,0,0,0,0
21,2017-08-26,0,1.34,6.0,11.31,0.746,0.167,0.088,48.13,45.2,6,3,6,3,8,5,0,4,13,7,17,4,11,6,7.61,6.86,0,0,0,0,0,0,0,0,0,0,0,1,0,0,0,0,0,0,0,0,0,0,0,0,0,0,0,1,0,0,0,0,0,0,0,0,0,0
22,2017-08-26,1,2.23,3.5,4.5,0.448,0.286,0.222,48.2,21.8,4,0,4,0,5,0,3,4,11,4,11,2,6,5,6.95,6.25,0,0,0,0,0,0,0,0,0,0,0,0,0,0,0,0,1,0,0,0,0,1,0,0,0,0,0,0,0,0,0,0,0,0,0,0,0,0
23,2017-08-27,0,1.53,4.6,8.5,0.654,0.217,0.118,42.93,61.6,3,4,3,4,4,2,4,1,8,6,15,3,10,2,6.72,6.75,0,0,0,0,1,0,0,0,0,0,0,0,0,0,0,0,0,0,0,0,0,0,0,0,0,1,0,0,0,0,0,0,0,0,0,0,0,0
24,2017-08-27,0,2.21,3.72,3.5,0.452,0.269,0.286,67.97,70.0,4,3,4,3,4,4,3,4,18,16,19,9,6,14,6.94,6.96,0,0,0,0,0,0,0,0,0,1,0,0,0,0,0,0,0,0,0,1,0,0,0,0,0,0,0,0,0,0,0,0,0,0,0,0,0,0
25,2017-08-27,1,1.27,7.25,16.0,0.787,0.138,0.062,52.9,67.8,0,3,0,3,1,3,2,3,6,5,10,15,6,6,6.42,6.76,0,0,0,0,0,0,0,0,0,0,0,0,0,0,0,1,0,0,0,0,0,0,1,0,0,0,0,0,0,0,0,0,0,0,0,0,0,0
26,2017-08-27,1,2.66,3.3,3.55,0.376,0.303,0.282,33.1,22.9,6,3,6,3,2,1,0,1,7,5,20,5,3,4,6.89,6.84,0,0,0,0,0,0,0,0,0,0,0,0,0,0,0,0,0,1,0,0,0,0,0,0,0,0,0,0,0,0,0,0,1,0,0,0,0,0
27,2017-09-09,0,1.39,6.4,10.0,0.719,0.156,0.1,67.45,42.8,3,0,3,0,4,1,8,5,16,7,23,4,16,11,6.65,6.47,1,0,0,0,0,0,0,0,0,0,0,0,0,0,0,0,0,0,0,0,1,0,0,0,0,0,0,0,0,0,0,0,0,0,0,0,0,0
28,2017-09-09,0,2.76,3.3,3.13,0.362,0.303,0.319,41.65,35.75,1,7,1,7,0,3,4,1,6,9,15,17,11,3,6.41,6.75,0,0,1,0,0,0,0,0,0,0,0,0,0,0,0,0,0,0,0,0,0,0,0,0,0,0,0,0,0,0,0,0,0,0,0,0,1,0
29,2017-09-09,2,3.98,3.55,2.15,0.251,0.282,0.465,46.5,67.5,4,1,4,1,2,2,3,3,6,11,13,12,4,23,6.62,6.55,0,0,0,0,0,0,1,0,0,0,0,0,0,0,0,0,0,0,0,0,0,0,0,0,0,0,0,0,0,0,0,0,0,0,1,0,0,0
30,2017-09-09,2,5.0,3.9,1.83,0.2,0.256,0.546,34.6,59.3,3,6,3,6,5,6,6,4,11,15,16,10,8,17,6.8,6.85,0,0,0,0,0,0,0,0,1,0,0,0,0,0,0,0,0,0,0,0,0,0,0,1,0,0,0,0,0,0,0,0,0,0,0,0,0,0
31,2017-09-09,0,2.0,4.0,4.33,0.5,0.25,0.231,67.05,60.5,7,7,7,7,5,8,2,3,18,28,29,10,13,9,6.81,7.14,0,0,0,0,0,0,0,0,0,0,1,0,0,0,0,0,0,0,0,0,0,0,0,0,0,0,0,0,1,0,0,0,0,0,0,0,0,0
32,2017-09-09,2,1.69,4.0,6.0,0.592,0.25,0.167,56.3,43.9,5,5,5,5,3,5,2,3,10,11,32,9,14,9,6.78,6.86,0,0,0,0,0,0,0,0,0,0,0,0,1,0,0,0,0,0,0,0,0,0,0,0,0,0,0,0,0,0,0,0,0,0,0,1,0,0
33,2017-09-09,1,7.5,4.5,1.55,0.133,0.222,0.645,44.38,62.25,4,9,4,9,2,10,2,0,7,20,26,15,9,19,6.86,7.49,0,0,0,0,0,0,0,0,0,0,0,0,0,1,0,0,0,0,0,0,0,0,0,0,0,0,0,0,0,0,1,0,0,0,0,0,0,0
34,2017-10-09,0,2.5,3.36,3.73,0.4,0.298,0.268,41.55,54.9,4,0,4,0,4,0,4,6,8,8,29,19,8,5,6.81,6.49,0,0,0,1,0,0,0,0,0,0,0,0,0,0,0,0,0,0,0,0,0,0,0,0,1,0,0,0,0,0,0,0,0,0,0,0,0,0
35,2017-11-09,0,2.08,3.5,4.5,0.481,0.286,0.222,40.6,44.7,0,4,0,4,2,3,7,0,9,12,15,4,4,6,6.33,7.07,0,0,0,0,0,0,0,0,0,0,0,0,0,0,0,0,0,0,1,0,0,0,0,0,0,0,1,0,0,0,0,0,0,0,0,0,0,0
36,2017-09-15,0,2.2,3.44,3.8,0.455,0.291,0.263,51.85,35.2,0,4,0,4,1,3,8,5,9,12,19,5,11,14,6.43,6.6,0,1,0,0,0,0,0,0,0,0,0,0,0,0,0,0,0,0,0,0,0,1,0,0,0,0,0,0,0,0,0,0,0,0,0,0,0,0
37,2017-09-16,2,3.0,3.32,2.72,0.333,0.301,0.368,51.48,59.47,0,5,0,5,0,3,7,4,12,11,30,25,18,19,6.52,6.66,0,0,0,0,0,1,0,0,0,0,0,0,0,0,0,0,0,0,0,0,0,0,0,0,0,0,0,0,0,0,0,1,0,0,0,0,0,0
38,2017-09-16,1,3.62,3.42,2.5,0.276,0.292,0.4,41.08,42.8,4,3,4,3,3,6,2,8,14,13,16,7,13,11,6.84,6.73,0,0,0,0,0,0,0,1,0,0,0,0,0,0,0,0,0,0,0,0,0,0,0,0,0,0,0,1,0,0,0,0,0,0,0,0,0,0
39,2017-09-16,1,1.3,6.6,13.45,0.769,0.152,0.074,46.68,51.55,7,7,7,7,8,5,8,4,31,10,32,17,11,8,6.85,6.85,0,0,0,0,0,0,0,0,0,1,0,0,0,0,0,0,0,0,0,0,0,0,1,0,0,0,0,0,0,0,0,0,0,0,0,0,0,0
40,2017-09-16,1,1.27,7.95,15.0,0.787,0.126,0.067,54.32,41.0,4,4,4,4,5,2,3,4,17,3,22,5,26,4,6.8,6.6,0,0,0,0,0,0,0,0,0,0,0,0,0,0,0,1,0,0,0,0,0,0,0,0,0,0,0,0,0,0,0,0,0,1,0,0,0,0
41,2017-09-16,2,9.83,6.1,1.36,0.102,0.164,0.735,54.62,65.75,8,10,8,10,7,10,3,2,14,28,33,12,13,13,6.96,7.02,0,0,0,0,0,0,0,0,0,0,0,0,0,0,0,0,1,0,0,0,0,0,0,0,0,0,0,0,0,1,0,0,0,0,0,0,0,0
42,2017-09-16,1,2.38,3.3,3.49,0.42,0.303,0.287,38.93,43.5,7,3,7,3,4,4,4,7,12,12,40,10,6,10,6.66,6.61,0,0,0,0,0,0,0,0,0,0,0,0,0,0,0,0,0,1,0,0,0,0,0,0,0,0,0,0,0,0,0,0,0,0,0,0,0,1
43,2017-09-17,1,1.85,4.02,4.88,0.541,0.249,0.205,56.5,64.2,9,6,9,6,8,7,5,8,21,25,31,13,22,20,6.87,6.84,0,0,0,0,1,0,0,0,0,0,0,0,0,0,0,0,0,0,0,1,0,0,0,0,0,0,0,0,0,0,0,0,0,0,0,0,0,0
44,2017-09-17,0,1.36,5.33,12.0,0.735,0.188,0.083,54.1,56.15,10,4,10,4,12,2,2,6,28,7,36,8,24,10,7.31,6.52,0,0,0,0,0,0,0,0,0,0,0,1,0,0,0,0,0,0,0,0,0,0,0,0,0,1,0,0,0,0,0,0,0,0,0,0,0,0
45,2017-09-23,1,2.41,3.25,3.9,0.415,0.308,0.256,43.2,52.25,8,5,8,5,6,4,5,3,14,17,34,10,8,19,6.81,6.79,0,0,0,1,0,0,0,0,0,0,0,0,0,0,0,0,0,0,0,0,0,0,0,0,0,0,1,0,0,0,0,0,0,0,0,0,0,0
46,2017-09-23,0,1.74,4.0,5.75,0.575,0.25,0.174,50.56,49.37,4,3,4,3,2,3,10,9,10,12,27,9,12,18,6.43,6.53,0,0,0,0,0,0,1,0,0,0,0,0,0,0,0,0,0,0,0,0,1,0,0,0,0,0,0,0,0,0,0,0,0,0,0,0,0,0
47,2017-09-23,2,4.4,4.18,2.0,0.227,0.239,0.5,39.29,64.1,4,8,4,8,7,9,9,9,14,40,29,24,16,23,6.71,6.87,0,0,0,0,0,0,0,0,1,0,0,0,0,0,0,0,0,0,0,0,0,0,0,0,0,0,0,0,1,0,0,0,0,0,0,0,0,0
48,2017-09-23,0,1.15,11.0,22.0,0.87,0.091,0.045,62.8,51.8,13,0,13,0,16,0,2,8,38,15,42,28,21,20,7.2,6.52,0,0,0,0,0,0,0,0,0,0,1,0,0,0,0,0,0,0,0,0,0,0,0,0,1,0,0,0,0,0,0,0,0,0,0,0,0,0
49,2017-09-23,2,5.5,3.82,1.84,0.182,0.262,0.543,58.61,57.9,8,13,8,13,4,16,4,2,15,35,43,20,24,28,6.72,7.33,0,0,0,0,0,0,0,0,0,0,0,0,1,0,0,0,0,0,0,0,0,0,0,0,0,0,0,0,0,0,1,0,0,0,0,0,0,0
50,2017-09-23,2,6.65,4.6,1.64,0.15,0.217,0.61,41.2,56.4,5,10,5,10,4,8,4,5,12,25,33,13,10,28,6.88,6.85,0,0,0,0,0,0,0,0,0,0,0,0,0,1,0,0,0,0,0,0,0,0,0,1,0,0,0,0,0,0,0,0,0,0,0,0,0,0
51,2017-09-23,2,2.43,3.35,3.35,0.412,0.299,0.299,40.82,40.13,5,8,5,8,2,7,4,9,3,15,25,14,4,14,6.66,6.74,0,0,0,0,0,0,0,0,0,0,0,0,0,0,1,0,0,0,0,0,0,0,0,0,0,0,0,0,0,0,0,0,0,0,0,1,0,0
52,2017-09-23,2,6.0,4.37,1.7,0.167,0.229,0.588,46.9,69.97,4,5,4,5,4,5,7,3,13,25,33,26,13,30,6.61,6.82,0,0,0,0,0,0,0,0,0,0,0,0,0,0,0,0,0,0,1,0,0,0,0,0,0,0,0,0,0,0,0,0,0,0,1,0,0,0
53,2017-09-25,0,1.36,5.56,11.0,0.735,0.18,0.091,55.7,36.1,7,8,7,8,7,4,8,4,27,13,41,20,24,8,6.84,6.65,1,0,0,0,0,0,0,0,0,0,0,0,0,0,0,0,0,0,0,0,0,0,0,0,0,0,0,0,0,0,0,0,0,0,0,0,1,0
54,2017-09-30,1,2.9,3.55,2.78,0.345,0.282,0.36,45.72,42.97,3,4,3,4,4,9,11,12,16,21,30,9,20,19,6.52,6.69,0,1,0,0,0,0,0,0,0,0,0,0,0,0,0,0,0,0,0,0,0,0,0,0,0,0,0,1,0,0,0,0,0,0,0,0,0,0
55,2017-09-30,2,2.84,3.63,2.69,0.352,0.275,0.372,59.2,67.8,13,16,13,13,12,21,5,2,29,47,47,19,28,30,6.96,7.27,0,0,0,0,1,0,0,0,0,0,0,0,0,0,0,0,0,0,0,0,0,0,0,0,0,0,0,0,0,1,0,0,0,0,0,0,0,0
56,2017-09-30,2,9.54,5.0,1.45,0.105,0.2,0.69,50.39,69.97,6,8,6,8,4,8,3,5,19,30,32,26,21,33,6.8,6.83,0,0,0,0,0,0,0,1,0,0,0,0,0,0,0,0,0,0,0,0,0,0,0,0,0,0,0,0,0,0,0,0,0,0,1,0,0,0
57,2017-09-30,0,1.2,7.9,22.0,0.833,0.127,0.045,50.63,51.8,16,0,13,0,17,0,2,13,39,15,44,28,30,23,7.27,6.44,0,0,0,0,0,0,0,0,0,0,0,1,0,0,0,0,0,0,0,0,0,0,0,0,1,0,0,0,0,0,0,0,0,0,0,0,0,0
58,2017-09-30,0,3.06,3.38,2.7,0.327,0.296,0.37,44.16,59.75,5,8,5,7,4,4,8,5,14,19,38,31,14,28,6.67,6.67,0,0,0,0,0,0,0,0,0,0,0,0,0,1,0,0,0,0,0,0,0,0,0,0,0,0,0,0,0,0,0,1,0,0,0,0,0,0
59,2017-09-30,1,2.33,3.35,3.87,0.429,0.299,0.258,40.39,40.13,8,11,5,10,4,9,6,10,16,19,48,14,9,16,6.6,6.77,0,0,0,0,0,0,0,0,0,0,0,0,0,0,0,0,0,1,0,0,0,0,0,0,0,0,0,0,0,0,0,0,0,0,0,1,0,0
60,2017-09-30,0,1.9,3.64,4.94,0.526,0.275,0.202,43.31,45.9,4,5,4,5,6,3,10,6,17,6,40,8,14,8,6.61,6.63,0,0,0,0,0,0,0,0,0,0,0,0,0,0,0,0,0,0,1,0,0,0,0,0,0,0,0,0,0,0,0,0,0,1,0,0,0,0
61,2017-01-10,0,1.27,6.65,13.5,0.787,0.15,0.074,58.39,35.2,10,4,7,4,9,4,8,7,33,14,49,5,28,16,6.91,6.61,1,0,0,0,0,0,0,0,0,0,0,0,0,0,0,0,0,0,0,0,0,1,0,0,0,0,0,0,0,0,0,0,0,0,0,0,0,0
62,2017-01-10,2,1.71,3.81,6.2,0.585,0.262,0.161,43.46,51.7,7,9,4,6,4,6,11,5,13,16,38,18,16,9,6.5,6.8,0,0,0,0,0,0,1,0,0,0,0,0,0,0,0,0,0,0,0,0,0,0,1,0,0,0,0,0,0,0,0,0,0,0,0,0,0,0
63,2017-10-14,1,3.08,3.3,2.88,0.325,0.303,0.347,43.31,45.2,12,7,9,7,7,7,5,10,18,21,49,18,11,16,6.88,6.69,0,0,0,1,0,0,0,0,0,0,0,0,0,0,0,0,0,0,0,0,0,0,0,0,0,0,0,0,0,0,0,0,0,0,0,0,0,1
64,2017-10-14,0,9.5,5.0,1.49,0.105,0.2,0.671,46.43,51.82,0,13,0,10,0,12,17,6,16,31,54,15,24,28,6.39,6.89,0,0,0,0,0,1,0,0,0,0,0,0,0,0,0,0,0,0,0,0,0,0,0,1,0,0,0,0,0,0,0,0,0,0,0,0,0,0
65,2017-10-14,1,2.8,3.4,2.82,0.357,0.294,0.355,55.43,58.25,11,19,10,13,12,21,11,2,46,46,57,26,31,35,6.92,7.32,0,0,0,0,0,0,0,0,0,1,0,0,0,0,0,0,0,0,0,0,0,0,0,0,0,0,0,0,0,0,1,0,0,0,0,0,0,0
66,2017-10-14,0,1.17,10.5,21.0,0.855,0.095,0.048,64.08,33.33,19,8,15,8,22,6,2,9,53,20,62,17,35,24,7.24,6.7,0,0,0,0,0,0,0,0,0,0,1,0,0,0,0,0,0,0,0,0,0,0,0,0,0,0,0,0,0,0,0,0,1,0,0,0,0,0
67,2017-10-14,0,2.21,3.4,4.16,0.452,0.294,0.24,45.42,48.33,5,6,4,3,3,4,7,7,7,20,28,12,10,24,6.6,6.68,0,0,0,0,0,0,0,0,0,0,0,0,0,0,1,0,0,0,0,0,0,0,0,0,0,0,1,0,0,0,0,0,0,0,0,0,0,0
68,2017-10-14,0,1.27,8.0,15.0,0.787,0.125,0.067,59.12,52.25,11,4,11,4,12,4,5,11,37,20,53,19,35,25,6.93,6.57,0,0,0,0,0,0,0,0,0,0,0,0,0,0,0,1,0,0,0,0,1,0,0,0,0,0,0,0,0,0,0,0,0,0,0,0,0,0
69,2017-10-14,0,5.5,4.4,1.75,0.182,0.227,0.571,50.41,65.68,12,13,8,10,11,11,12,8,22,44,51,27,22,34,6.77,6.98,0,0,0,0,0,0,0,0,0,0,0,0,0,0,0,0,1,0,0,1,0,0,0,0,0,0,0,0,0,0,0,0,0,0,0,0,0,0
70,2017-10-15,1,3.3,3.3,2.57,0.303,0.303,0.389,42.67,56.53,4,7,4,3,4,4,9,12,15,17,35,26,19,24,6.6,6.51,0,0,1,0,0,0,0,0,0,0,0,0,0,0,0,0,0,0,0,0,0,0,0,0,0,1,0,0,0,0,0,0,0,0,0,0,0,0
71,2017-10-16,1,2.05,3.5,4.45,0.488,0.286,0.225,38.36,35.8,5,9,2,3,9,6,12,8,22,20,39,23,22,11,6.71,6.63,0,0,0,0,0,0,0,0,1,0,0,0,0,0,0,0,0,0,0,0,0,0,0,0,0,0,0,0,0,0,0,0,0,0,0,0,1,0
72,2017-10-20,2,1.85,3.57,5.54,0.541,0.28,0.181,45.46,39.1,8,5,8,5,8,5,11,10,27,18,54,8,17,25,6.68,6.64,0,0,0,0,0,0,0,0,0,0,0,0,0,0,0,0,0,0,1,0,0,1,0,0,0,0,0,0,0,0,0,0,0,0,0,0,0,0
73,2017-10-21,0,1.4,5.35,10.0,0.714,0.187,0.1,51.49,41.62,13,15,7,10,13,13,8,13,36,24,53,20,32,25,6.88,6.78,0,0,0,0,1,0,0,0,0,0,0,0,0,0,0,0,0,0,0,0,0,0,0,0,0,0,0,0,0,0,0,0,0,0,0,1,0,0
74,2017-10-21,0,11.73,5.3,1.4,0.085,0.189,0.714,50.18,58.25,6,20,2,11,4,21,9,2,22,47,38,26,28,38,6.6,7.24,0,0,0,0,0,0,0,1,0,0,0,0,0,0,0,0,0,0,0,0,0,0,0,0,0,0,0,0,0,0,1,0,0,0,0,0,0,0
75,2017-10-21,0,1.15,12.2,26.0,0.87,0.082,0.038,58.06,54.3,22,13,15,9,29,8,4,6,64,23,70,26,35,18,7.29,6.86,0,0,0,0,0,0,0,0,0,0,1,0,0,0,0,0,0,0,0,0,0,0,1,0,0,0,0,0,0,0,0,0,0,0,0,0,0,0
76,2017-10-21,0,1.9,3.5,5.5,0.526,0.286,0.182,52.43,35.8,8,10,4,3,5,7,7,9,22,21,67,23,34,12,6.69,6.64,0,0,0,0,0,0,0,0,0,0,0,0,1,0,0,0,0,0,0,0,0,0,0,0,0,0,0,0,0,0,0,0,0,0,0,0,1,0
77,2017-10-21,2,2.21,3.55,3.8,0.452,0.282,0.263,39.91,52.25,8,4,5,4,8,4,16,12,21,21,47,19,25,26,6.57,6.55,0,0,0,0,0,0,0,0,0,0,0,0,0,1,0,0,0,0,0,0,1,0,0,0,0,0,0,0,0,0,0,0,0,0,0,0,0,0
78,2017-10-21,2,2.9,3.31,2.95,0.345,0.302,0.339,40.13,46.47,8,6,7,3,5,10,7,13,10,25,37,13,12,26,6.65,6.7,0,0,0,0,0,0,0,0,0,0,0,0,0,0,1,0,0,0,0,0,0,0,0,0,0,0,0,1,0,0,0,0,0,0,0,0,0,0
79,2017-10-22,2,4.7,3.88,2.05,0.213,0.258,0.488,53.31,65.68,8,13,4,10,5,12,13,10,23,50,63,27,26,34,6.55,6.93,0,0,0,0,0,0,1,0,0,0,0,0,0,0,0,0,0,0,0,1,0,0,0,0,0,0,0,0,0,0,0,0,0,0,0,0,0,0
80,2017-10-22,0,2.25,3.62,3.5,0.444,0.276,0.286,58.77,63.62,14,12,13,8,13,12,5,11,43,51,67,32,43,37,6.95,6.92,0,0,0,0,0,0,0,0,0,0,0,0,0,0,0,1,0,0,0,0,0,0,0,0,0,0,0,0,1,0,0,0,0,0,0,0,0,0
81,2017-10-28,0,1.25,8.3,15.0,0.8,0.12,0.067,56.25,46.95,16,8,10,4,17,6,12,9,64,14,66,18,42,19,6.97,6.64,1,0,0,0,0,0,0,0,0,0,0,0,0,0,0,0,0,0,0,0,0,0,0,0,0,0,0,0,0,0,0,0,0,1,0,0,0,0
82,2017-10-28,2,6.2,4.4,1.65,0.161,0.227,0.606,50.07,51.96,7,16,7,7,6,17,13,10,24,44,52,20,27,33,6.57,6.92,0,1,0,0,0,0,0,0,0,0,0,0,0,0,0,0,0,0,0,0,0,0,0,1,0,0,0,0,0,0,0,0,0,0,0,0,0,0
83,2017-10-28,1,2.56,3.34,3.37,0.391,0.299,0.297,44.92,50.15,3,8,3,5,2,8,18,14,21,29,66,23,27,26,6.43,6.61,0,0,0,0,0,1,0,0,0,0,0,0,0,0,0,0,0,0,0,0,0,0,0,0,0,0,0,0,0,0,0,0,0,0,0,0,0,1
84,2017-10-28,0,1.25,6.75,14.0,0.8,0.148,0.071,55.91,41.78,12,9,5,5,13,6,15,10,58,25,62,12,41,30,6.83,6.64,0,0,0,0,0,0,0,0,0,1,0,0,0,0,0,0,0,0,0,0,0,0,0,0,0,0,1,0,0,0,0,0,0,0,0,0,0,0
85,2017-10-28,0,2.25,3.43,3.96,0.444,0.292,0.253,55.85,63.8,20,17,10,13,22,17,4,6,50,49,63,35,41,46,7.15,6.98,0,0,0,0,0,0,0,0,0,0,0,1,0,0,0,0,0,0,0,0,0,0,0,0,0,0,0,0,0,0,0,0,0,0,1,0,0,0
86,2017-10-28,2,2.1,3.69,4.07,0.476,0.271,0.246,44.67,37.12,15,8,7,4,15,9,17,18,29,24,64,23,30,27,6.74,6.55,0,0,0,0,0,0,0,0,0,0,0,0,0,0,0,0,1,0,0,0,0,0,0,0,0,0,0,0,0,0,0,0,1,0,0,0,0,0
87,2017-10-28,2,13.0,6.83,1.29,0.077,0.146,0.775,47.13,72.02,10,25,3,15,7,32,10,4,23,74,72,32,13,36,6.61,7.28,0,0,0,0,0,0,0,0,0,0,0,0,0,0,0,0,0,1,0,0,0,0,0,0,0,0,0,0,0,1,0,0,0,0,0,0,0,0
88,2017-10-29,1,3.42,3.3,2.5,0.292,0.303,0.4,47.04,60.94,8,11,7,6,8,6,10,7,23,28,46,42,26,37,6.72,6.75,0,0,1,0,0,0,0,0,0,0,0,0,0,0,0,0,0,0,0,0,0,0,0,0,0,0,0,0,0,0,0,1,0,0,0,0,0,0
89,2017-10-29,0,2.2,3.47,4.0,0.455,0.288,0.25,42.47,51.7,9,8,6,4,12,7,14,18,31,26,49,30,28,28,6.75,6.52,0,0,0,0,0,0,0,0,1,0,0,0,0,0,0,0,0,0,0,0,0,0,0,0,0,1,0,0,0,0,0,0,0,0,0,0,0,0
90,2017-04-11,0,2.99,3.1,3.04,0.334,0.323,0.329,42.36,32.98,9,10,4,2,6,9,13,13,25,27,44,24,30,15,6.59,6.6,0,0,0,0,0,0,0,1,0,0,0,0,0,0,0,0,0,0,0,0,0,0,0,0,0,0,0,0,0,0,0,0,0,0,0,0,1,0
91,2017-04-11,2,1.75,3.76,6.91,0.571,0.266,0.145,49.42,54.3,12,13,7,6,7,8,8,9,29,23,80,26,40,21,6.72,6.79,0,0,0,0,0,0,0,0,0,0,0,0,1,0,0,0,0,0,0,0,0,0,1,0,0,0,0,0,0,0,0,0,0,0,0,0,0,0
92,2017-04-11,1,2.75,3.33,2.97,0.364,0.3,0.337,36.86,45.26,11,12,6,8,10,14,18,14,26,34,63,18,28,29,6.61,6.78,0,0,0,0,0,0,0,0,0,0,0,0,0,1,0,0,0,0,0,0,0,0,0,0,0,0,0,1,0,0,0,0,0,0,0,0,0,0
93,2017-04-11,2,2.72,3.35,3.4,0.368,0.299,0.294,43.14,42.3,8,9,3,5,7,9,11,11,16,25,50,12,19,27,6.63,6.71,0,0,0,0,0,0,0,0,0,0,0,0,0,0,1,0,0,0,0,0,0,1,0,0,0,0,0,0,0,0,0,0,0,0,0,0,0,0
94,2017-04-11,2,6.29,4.68,1.75,0.159,0.214,0.571,48.7,65.58,9,15,5,8,10,16,16,15,31,66,64,38,27,43,6.64,6.88,0,0,0,0,0,0,0,0,0,0,0,0,0,0,0,0,0,0,1,0,0,0,0,0,0,0,0,0,1,0,0,0,0,0,0,0,0,0
95,2017-05-11,0,2.62,3.22,3.2,0.382,0.311,0.312,53.35,55.56,19,23,9,10,18,23,10,4,49,53,64,31,39,44,6.93,7.12,0,0,0,0,1,0,0,0,0,0,0,0,0,0,0,0,0,0,0,0,0,0,0,0,0,0,0,0,0,0,1,0,0,0,0,0,0,0
96,2017-05-11,0,2.27,3.4,3.7,0.441,0.294,0.27,50.21,47.34,8,15,4,7,7,15,20,18,28,29,80,27,34,38,6.5,6.71,0,0,0,0,0,0,1,0,0,0,0,0,0,0,0,0,0,0,0,0,0,0,0,0,0,0,0,0,0,0,0,0,0,0,0,1,0,0
97,2017-05-11,0,1.55,5.65,7.69,0.645,0.177,0.13,67.7,67.12,28,19,15,12,35,19,6,13,79,69,96,35,38,46,7.25,6.96,0,0,0,0,0,0,0,0,0,0,1,0,0,0,0,0,0,0,0,1,0,0,0,0,0,0,0,0,0,0,0,0,0,0,0,0,0,0
98,2017-05-11,0,1.34,6.11,12.0,0.746,0.164,0.083,53.48,50.86,17,4,12,4,17,4,7,20,53,30,72,42,50,30,6.94,6.47,0,0,0,0,0,0,0,0,0,0,0,0,0,0,0,1,0,0,0,0,0,0,0,0,1,0,0,0,0,0,0,0,0,0,0,0,0,0
99,2017-11-18,0,2.5,3.62,3.0,0.4,0.276,0.333,59.46,64.57,19,20,9,12,20,18,16,7,72,55,89,41,46,54,6.89,6.95,1,0,0,0,0,0,0,0,0,0,0,0,0,0,0,0,0,0,0,0,0,0,0,0,0,0,0,0,0,0,0,0,0,0,1,0,0,0
100,2017-11-18,0,2.0,3.66,5.25,0.5,0.273,0.19,48.13,43.44,7,12,4,6,6,7,14,13,25,28,48,15,30,31,6.54,6.63,0,1,0,0,0,0,0,0,0,0,0,0,0,0,0,0,0,0,0,0,0,0,0,0,0,0,1,0,0,0,0,0,0,0,0,0,0,0
101,2017-11-18,0,2.41,3.3,4.4,0.415,0.303,0.227,40.64,48.78,16,8,8,3,9,7,9,12,24,18,58,21,23,26,6.81,6.62,0,0,0,1,0,0,0,0,0,0,0,0,0,0,0,0,0,0,0,0,0,0,0,0,0,0,0,0,0,0,0,0,0,1,0,0,0,0
102,2017-11-18,1,2.6,3.3,3.75,0.385,0.303,0.267,45.89,49.4,4,11,4,4,4,10,21,22,33,33,85,32,33,36,6.48,6.54,0,0,0,0,0,1,0,0,0,0,0,0,0,0,0,0,0,0,0,0,0,0,0,0,0,1,0,0,0,0,0,0,0,0,0,0,0,0
103,2017-11-18,2,9.5,5.89,1.38,0.105,0.17,0.725,51.22,69.72,13,31,9,15,16,38,16,7,38,84,78,34,34,40,6.78,7.24,0,0,0,0,0,0,0,0,1,0,0,0,0,0,0,0,0,0,0,0,0,0,0,0,0,0,0,0,0,1,0,0,0,0,0,0,0,0
104,2017-11-18,0,1.45,5.14,9.5,0.69,0.195,0.105,58.36,61.25,18,12,10,4,20,7,16,9,73,32,86,48,44,44,6.9,6.69,0,0,0,0,0,0,0,0,0,1,0,0,0,0,0,0,0,0,0,0,0,0,0,0,0,0,0,0,0,0,0,1,0,0,0,0,0,0
105,2017-11-18,2,6.92,4.36,1.62,0.145,0.229,0.617,41.86,52.3,10,22,2,9,9,19,14,10,30,57,72,26,19,43,6.59,6.94,0,0,0,0,0,0,0,0,0,0,0,0,0,0,0,0,0,1,0,0,0,0,0,1,0,0,0,0,0,0,0,0,0,0,0,0,0,0
106,2017-11-19,0,2.32,3.5,3.79,0.431,0.286,0.264,48.49,49.72,15,9,4,5,17,11,21,20,32,32,80,28,40,27,6.71,6.59,0,0,0,0,0,0,0,0,0,0,0,0,0,0,0,0,1,0,0,0,0,0,0,0,0,0,0,0,0,0,0,0,0,0,0,0,0,1
107,2017-11-20,1,2.41,3.3,3.52,0.415,0.303,0.284,41.36,38.8,12,12,8,7,10,12,11,20,27,33,54,26,28,29,6.73,6.64,0,0,1,0,0,0,0,0,0,0,0,0,0,0,0,0,0,0,0,0,0,0,0,0,0,0,0,0,0,0,0,0,1,0,0,0,0,0
108,2017-11-24,1,2.89,3.4,2.85,0.346,0.294,0.351,44.18,41.93,9,13,2,8,11,16,22,18,38,38,77,19,27,35,6.58,6.73,0,0,0,0,0,0,0,0,0,0,0,0,0,0,0,0,0,0,1,0,0,0,0,0,0,0,0,1,0,0,0,0,0,0,0,0,0,0
109,2017-11-25,0,2.1,3.63,4.29,0.476,0.275,0.233,44.25,38.8,5,13,5,5,6,14,23,22,40,39,89,26,37,34,6.5,6.67,0,0,0,0,0,1,0,0,0,0,0,0,0,0,0,0,0,0,0,0,0,0,0,0,0,0,0,0,0,0,0,0,1,0,0,0,0,0
110,2017-11-25,1,2.21,3.68,3.62,0.452,0.272,0.276,57.31,52.3,21,25,10,12,23,23,16,10,81,64,98,26,51,45,6.93,6.99,0,0,0,0,0,0,0,0,0,1,0,0,0,0,0,0,0,0,0,0,0,0,0,1,0,0,0,0,0,0,0,0,0,0,0,0,0,0
111,2017-11-25,0,1.22,7.5,22.0,0.82,0.133,0.045,50.88,44.6,23,13,7,9,23,12,5,13,55,30,74,18,49,28,7.06,6.72,0,0,0,0,0,0,0,0,0,0,0,1,0,0,0,0,0,0,0,0,0,1,0,0,0,0,0,0,0,0,0,0,0,0,0,0,0,0
112,2017-11-25,1,3.01,3.3,2.85,0.332,0.303,0.351,46.13,46.9,8,10,3,7,7,10,14,14,19,30,58,26,30,30,6.61,6.61,0,0,0,0,0,0,0,0,0,0,0,0,0,0,1,0,0,0,0,0,1,0,0,0,0,0,0,0,0,0,0,0,0,0,0,0,0,0
113,2017-11-25,1,1.3,6.6,16.0,0.769,0.152,0.062,53.06,33.92,20,10,9,1,18,9,9,18,59,32,95,29,56,19,6.91,6.55,0,0,0,0,0,0,0,0,0,0,0,0,0,0,0,1,0,0,0,0,0,0,0,0,0,0,0,0,0,0,0,0,0,0,0,0,1,0
114,2017-11-26,2,6.5,4.5,1.61,0.154,0.222,0.621,46.69,62.95,19,22,10,9,11,22,9,16,31,77,80,39,29,51,6.86,6.92,0,0,0,1,0,0,0,0,0,0,0,0,0,0,0,0,0,0,0,1,0,0,0,0,0,0,0,0,0,0,0,0,0,0,0,0,0,0
115,2017-11-26,2,18.0,8.3,1.2,0.056,0.12,0.833,55.96,69.72,12,34,6,15,7,40,17,7,31,88,78,34,37,42,6.58,7.22,0,0,0,0,0,0,0,1,0,0,0,0,0,0,0,0,0,0,0,0,0,0,0,0,0,0,0,0,0,1,0,0,0,0,0,0,0,0
116,2017-11-26,0,2.0,3.72,5.2,0.5,0.269,0.192,53.38,49.4,12,12,4,5,7,12,12,24,32,38,98,32,46,37,6.65,6.58,0,0,0,0,0,0,0,0,0,0,0,0,1,0,0,0,0,0,0,0,0,0,0,0,0,1,0,0,0,0,0,0,0,0,0,0,0,0
117,2017-11-28,1,2.77,3.17,3.01,0.361,0.315,0.332,42.42,53.86,13,8,8,8,12,8,14,24,32,45,61,49,31,40,6.7,6.54,0,0,1,0,0,0,0,0,0,0,0,0,0,0,0,0,0,0,0,0,0,0,0,0,1,0,0,0,0,0,0,0,0,0,0,0,0,0
118,2017-11-28,0,5.05,3.98,1.81,0.198,0.251,0.552,45.14,65.7,14,21,8,7,17,19,19,10,40,64,79,51,35,66,6.73,6.89,0,0,0,0,0,0,0,0,1,0,0,0,0,0,0,0,0,0,0,0,0,0,0,0,0,0,0,0,0,0,0,0,0,0,1,0,0,0
119,2017-11-28,2,5.34,4.05,1.78,0.187,0.247,0.562,51.88,56.02,18,26,6,7,19,24,21,5,39,59,89,38,42,53,6.75,7.05,0,0,0,0,0,0,0,0,0,0,0,0,0,0,0,0,1,0,0,0,0,0,0,0,0,0,0,0,0,0,1,0,0,0,0,0,0,0
120,2017-11-29,0,1.23,8.3,19.0,0.813,0.12,0.053,57.16,39.62,25,12,12,6,23,8,16,19,79,31,100,18,58,38,6.93,6.56,1,0,0,0,0,0,0,0,0,0,0,0,0,0,0,0,0,0,0,0,0,0,0,0,0,0,1,0,0,0,0,0,0,0,0,0,0,0
121,2017-11-29,2,2.21,3.4,4.47,0.452,0.294,0.224,42.58,48.78,11,19,7,7,10,11,14,10,35,33,62,33,32,32,6.63,6.83,0,1,0,0,0,0,0,0,0,0,0,0,0,0,0,0,0,0,0,0,0,0,1,0,0,0,0,0,0,0,0,0,0,0,0,0,0,0
122,2017-11-29,0,1.21,8.0,21.0,0.826,0.125,0.048,49.57,48.68,26,9,13,1,24,7,11,14,67,20,80,27,48,33,6.98,6.63,0,0,0,0,1,0,0,0,0,0,0,0,0,0,0,0,0,0,0,0,0,0,0,0,0,0,0,0,0,0,0,0,0,1,0,0,0,0
123,2017-11-29,0,2.6,3.38,3.4,0.385,0.296,0.294,45.64,49.65,12,10,4,2,13,12,28,23,40,42,86,31,37,28,6.55,6.59,0,0,0,0,0,0,1,0,0,0,0,0,0,0,0,0,0,0,0,0,0,0,0,0,0,0,0,0,0,0,0,0,0,0,0,0,0,1
124,2017-11-29,0,1.25,8.2,17.0,0.8,0.122,0.059,66.43,62.1,37,15,15,7,42,11,8,13,93,37,107,55,44,51,7.19,6.7,0,0,0,0,0,0,0,0,0,0,1,0,0,0,0,0,0,0,0,0,0,0,0,0,0,0,0,0,0,0,0,1,0,0,0,0,0,0
125,2017-11-29,2,6.5,4.69,1.56,0.154,0.213,0.641,43.05,63.21,13,22,5,10,15,24,24,17,42,85,82,47,35,60,6.68,6.92,0,0,0,0,0,0,0,0,0,0,0,0,0,1,0,0,0,0,0,0,0,0,0,0,0,0,0,0,1,0,0,0,0,0,0,0,0,0
126,2017-02-12,2,2.5,3.43,3.36,0.4,0.292,0.298,57.94,56.02,28,29,12,9,28,28,16,7,86,66,112,38,64,58,6.99,7.05,1,0,0,0,0,0,0,0,0,0,0,0,0,0,0,0,0,0,0,0,0,0,0,0,0,0,0,0,0,0,1,0,0,0,0,0,0,0
127,2017-02-12,2,7.58,4.55,1.53,0.132,0.22,0.654,47.51,63.21,14,25,6,13,12,27,14,17,36,92,76,47,33,64,6.7,6.95,0,0,1,0,0,0,0,0,0,0,0,0,0,0,0,0,0,0,0,0,0,0,0,0,0,0,0,0,1,0,0,0,0,0,0,0,0,0
128,2017-02-12,0,1.86,3.82,6.0,0.538,0.262,0.167,46.62,39.62,15,12,7,3,17,8,28,24,45,33,87,18,38,40,6.62,6.52,0,0,0,0,0,0,1,0,0,0,0,0,0,0,0,0,0,0,0,0,0,0,0,0,0,0,1,0,0,0,0,0,0,0,0,0,0,0
129,2017-02-12,0,2.1,3.64,5.05,0.476,0.275,0.198,38.61,48.78,17,22,8,9,19,13,20,11,44,37,72,33,35,36,6.75,6.84,0,0,0,0,0,0,0,0,1,0,0,0,0,0,0,0,0,0,0,0,0,0,1,0,0,0,0,0,0,0,0,0,0,0,0,0,0,0
130,2017-02-12,0,1.96,3.68,5.13,0.51,0.272,0.195,40.35,48.68,13,9,5,1,15,7,27,15,43,20,82,27,40,34,6.65,6.62,0,0,0,0,0,0,0,0,0,0,0,0,0,1,0,0,0,0,0,0,0,0,0,0,0,0,0,0,0,0,0,0,0,1,0,0,0,0
131,2017-02-12,1,5.26,4.44,1.8,0.19,0.225,0.556,52.93,65.7,18,21,3,4,21,20,25,12,42,70,112,51,46,69,6.74,6.87,0,0,0,0,0,0,0,0,0,0,0,0,0,0,0,0,1,0,0,0,0,0,0,0,0,0,0,0,0,0,0,0,0,0,1,0,0,0
132,2017-02-12,1,2.73,3.2,3.25,0.366,0.312,0.308,37.48,53.86,11,9,1,6,10,8,19,24,34,49,79,49,19,41,6.57,6.57,0,0,0,0,0,0,0,0,0,0,0,0,0,0,0,0,0,1,0,0,0,0,0,0,1,0,0,0,0,0,0,0,0,0,0,0,0,0
133,2017-03-12,1,3.62,3.29,2.7,0.276,0.304,0.37,48.7,62.1,11,15,7,4,11,12,16,15,37,39,74,55,37,53,6.61,6.71,0,1,0,0,0,0,0,0,0,0,0,0,0,0,0,0,0,0,0,0,0,0,0,0,0,0,0,0,0,0,0,1,0,0,0,0,0,0
134,2017-03-12,0,1.12,13.0,29.0,0.893,0.077,0.034,63.05,49.65,40,10,15,2,44,12,9,27,105,45,119,31,50,29,7.18,6.55,0,0,0,0,0,0,0,0,0,0,1,0,0,0,0,0,0,0,0,0,0,0,0,0,0,0,0,0,0,0,0,0,0,0,0,0,0,1
135,2017-09-12,0,2.85,3.26,3.1,0.351,0.307,0.323,44.52,50.64,22,19,9,4,13,22,12,26,41,44,93,42,39,48,6.82,6.73,0,0,0,1,0,0,0,0,0,0,0,0,0,0,0,0,0,0,0,0,0,0,0,0,0,0,0,0,0,0,0,0,0,0,0,1,0,0
136,2017-09-12,1,2.1,3.62,4.23,0.476,0.276,0.236,47.72,48.91,10,12,6,5,8,12,24,17,51,42,93,37,46,41,6.61,6.62,0,0,0,0,0,1,0,0,0,0,0,0,0,0,0,0,0,0,0,0,1,0,0,0,0,0,0,0,0,0,0,0,0,0,0,0,0,0
137,2017-09-12,0,2.73,3.2,3.22,0.366,0.312,0.311,44.25,45.57,12,14,3,5,8,13,26,19,36,38,68,25,40,34,6.52,6.66,0,0,0,0,0,0,0,1,0,0,0,0,0,0,0,0,0,0,0,0,0,1,0,0,0,0,0,0,0,0,0,0,0,0,0,0,0,0
138,2017-09-12,0,2.84,3.1,3.1,0.352,0.323,0.323,43.49,36.37,9,12,1,2,8,10,17,19,23,40,78,37,39,25,6.6,6.6,0,0,0,0,0,0,0,0,0,0,0,0,0,0,1,0,0,0,0,0,0,0,0,0,0,0,0,0,0,0,0,0,0,0,0,0,1,0
139,2017-09-12,0,1.3,6.5,11.7,0.769,0.154,0.085,54.16,39.6,22,16,5,5,21,17,13,28,72,46,124,36,71,41,6.85,6.67,0,0,0,0,0,0,0,0,0,0,0,0,0,0,0,1,0,0,0,0,0,0,0,0,0,0,0,0,0,0,0,0,1,0,0,0,0,0
140,2017-09-12,0,7.55,4.68,1.55,0.132,0.214,0.645,48.25,53.56,10,29,1,13,13,25,29,11,49,77,94,33,29,52,6.56,6.99,0,0,0,0,0,0,0,0,0,0,0,0,0,0,0,0,0,0,1,0,0,0,0,1,0,0,0,0,0,0,0,0,0,0,0,0,0,0
141,2017-10-12,1,1.4,6.28,11.6,0.714,0.159,0.086,53.62,48.42,28,18,13,10,32,19,18,28,98,49,110,35,66,39,6.97,6.66,0,0,0,0,0,0,0,0,0,1,0,0,0,0,0,0,0,0,0,0,0,0,0,0,0,1,0,0,0,0,0,0,0,0,0,0,0,0
142,2017-10-12,2,3.44,3.6,2.3,0.291,0.278,0.435,58.81,71.2,32,43,12,15,31,46,8,10,70,113,113,47,61,61,7.08,7.17,0,0,0,0,0,0,0,0,0,0,0,1,0,0,0,0,0,0,0,0,0,0,0,0,0,0,0,0,0,1,0,0,0,0,0,0,0,0
143,2017-10-12,1,4.2,3.8,2.01,0.238,0.263,0.498,56.41,65.39,16,28,4,9,13,29,16,19,43,102,131,53,55,75,6.72,6.95,0,0,0,0,0,0,0,0,0,0,0,0,1,0,0,0,0,0,0,1,0,0,0,0,0,0,0,0,0,0,0,0,0,0,0,0,0,0
144,2017-12-12,0,2.4,3.25,3.75,0.417,0.308,0.267,40.53,39.6,25,16,9,4,14,18,12,33,46,49,93,36,40,41,6.84,6.65,0,0,0,1,0,0,0,0,0,0,0,0,0,0,0,0,0,0,0,0,0,0,0,0,0,0,0,0,0,0,0,0,1,0,0,0,0,0
145,2017-12-12,0,2.4,3.53,3.39,0.417,0.283,0.295,48.95,50.64,11,19,7,4,10,22,26,27,59,46,124,42,54,49,6.63,6.72,0,0,0,0,0,1,0,0,0,0,0,0,0,0,0,0,0,0,0,0,0,0,0,0,0,0,0,0,0,0,0,0,0,0,0,1,0,0
146,2017-12-12,2,9.21,4.8,1.46,0.109,0.208,0.685,48.81,53.56,15,29,3,10,10,25,26,12,42,79,92,33,45,61,6.57,6.96,0,0,0,0,0,0,0,1,0,0,0,0,0,0,0,0,0,0,0,0,0,0,0,1,0,0,0,0,0,0,0,0,0,0,0,0,0,0
147,2017-12-13,1,1.25,7.8,15.75,0.8,0.128,0.063,52.82,36.37,29,12,11,2,33,10,19,20,101,41,122,37,74,28,6.96,6.59,0,0,0,0,0,0,0,0,0,1,0,0,0,0,0,0,0,0,0,0,0,0,0,0,0,0,0,0,0,0,0,0,0,0,0,0,1,0
148,2017-12-13,0,1.3,6.26,13.0,0.769,0.16,0.077,50.19,48.91,32,13,9,6,32,14,10,19,75,47,86,37,62,44,7.04,6.64,0,0,0,0,0,0,0,0,0,0,0,1,0,0,0,0,0,0,0,0,1,0,0,0,0,0,0,0,0,0,0,0,0,0,0,0,0,0
149,2017-12-13,2,2.1,3.49,4.56,0.476,0.287,0.219,50.03,42.58,17,20,5,8,14,20,17,20,46,47,122,28,56,42,6.73,6.77,0,0,0,0,0,0,0,0,0,0,0,0,1,0,0,0,0,0,0,0,0,0,0,0,0,0,0,1,0,0,0,0,0,0,0,0,0,0
150,2017-12-13,2,15.0,7.15,1.25,0.067,0.14,0.8,55.35,71.2,12,46,4,15,9,48,17,11,26,120,112,47,46,65,6.63,7.15,0,0,0,0,0,0,0,0,0,0,0,0,0,0,1,0,0,0,0,0,0,0,0,0,0,0,0,0,0,1,0,0,0,0,0,0,0,0
151,2017-12-13,0,1.27,7.2,16.5,0.787,0.139,0.061,54.91,45.57,25,14,5,2,26,13,14,21,83,40,127,25,74,37,6.88,6.63,0,0,0,0,0,0,0,0,0,0,0,0,0,0,0,1,0,0,0,0,0,1,0,0,0,0,0,0,0,0,0,0,0,0,0,0,0,0
152,2017-12-13,1,5.5,4.44,1.66,0.182,0.225,0.602,49.77,65.39,13,29,4,10,14,30,29,20,51,108,107,53,31,76,6.61,6.93,0,0,0,0,0,0,0,0,0,0,0,0,0,0,0,0,0,0,1,1,0,0,0,0,0,0,0,0,0,0,0,0,0,0,0,0,0,0
153,2017-12-16,1,2.65,3.3,3.64,0.377,0.303,0.275,40.56,49.09,14,28,1,9,13,15,23,12,44,48,81,40,38,43,6.62,6.84,0,0,1,0,0,0,0,0,0,0,0,0,0,0,0,0,0,0,0,0,0,0,1,0,0,0,0,0,0,0,0,0,0,0,0,0,0,0
154,2017-12-16,0,1.41,5.1,10.0,0.709,0.196,0.1,53.24,57.9,32,17,10,5,28,15,13,21,84,50,113,62,64,58,6.97,6.71,0,0,0,0,1,0,0,0,0,0,0,0,0,0,0,0,0,0,0,0,0,0,0,0,0,0,0,0,0,0,0,1,0,0,0,0,0,0
155,2017-12-16,2,1.91,3.85,5.1,0.524,0.26,0.196,41.89,52.86,23,14,10,9,24,12,21,27,58,63,86,63,45,58,6.8,6.64,0,0,0,0,0,0,0,0,1,0,0,0,0,0,0,0,0,0,0,0,0,0,0,0,1,0,0,0,0,0,0,0,0,0,0,0,0,0
156,2017-12-16,0,1.64,4.6,6.5,0.61,0.217,0.154,67.0,67.31,49,28,15,8,52,28,11,14,130,91,153,63,68,85,7.18,6.91,0,0,0,0,0,0,0,0,0,0,1,0,0,0,0,0,0,0,0,0,0,0,0,0,0,0,0,0,0,0,0,0,0,0,1,0,0,0
157,2017-12-16,2,2.46,3.35,3.5,0.407,0.299,0.286,40.73,44.8,16,14,3,5,18,14,34,29,56,51,103,36,42,33,6.65,6.63,0,0,0,0,0,0,0,0,0,0,0,0,0,1,0,0,0,0,0,0,0,0,0,0,0,0,0,0,0,0,0,0,0,0,0,0,0,1
158,2017-12-16,2,1.8,3.83,5.5,0.556,0.261,0.182,50.17,41.49,19,15,4,3,23,11,29,29,48,44,111,30,51,46,6.7,6.54,0,0,0,0,0,0,0,0,0,0,0,0,0,0,0,0,1,0,0,0,0,0,0,0,0,0,1,0,0,0,0,0,0,0,0,0,0,0
159,2017-12-17,2,7.35,5.25,1.55,0.136,0.19,0.645,50.3,65.79,13,30,3,9,14,33,20,19,54,106,95,62,47,80,6.63,6.95,0,1,0,0,0,0,0,0,0,0,0,0,0,0,0,0,0,0,0,0,0,0,0,0,0,0,0,0,1,0,0,0,0,0,0,0,0,0
160,2017-12-17,2,6.5,4.09,1.7,0.154,0.244,0.588,41.17,53.49,13,35,3,12,10,33,20,10,42,77,96,43,29,66,6.61,7.03,0,0,0,0,0,0,0,0,0,0,0,0,0,0,0,0,0,1,0,0,0,0,0,0,0,0,0,0,0,0,1,0,0,0,0,0,0,0
161,2017-12-18,0,1.8,3.75,5.53,0.556,0.267,0.181,44.39,45.99,19,12,8,4,20,9,29,21,51,29,90,38,39,48,6.65,6.6,0,0,0,0,0,0,1,0,0,0,0,0,0,0,0,0,0,0,0,0,0,0,0,0,0,0,0,0,0,0,0,0,0,1,0,0,0,0
162,2017-12-22,1,2.68,3.75,2.95,0.373,0.267,0.339,59.97,65.79,30,33,8,11,30,37,20,19,111,113,151,62,87,82,6.94,6.99,1,0,0,0,0,0,0,0,0,0,0,0,0,0,0,0,0,0,0,0,0,0,0,0,0,0,0,0,1,0,0,0,0,0,0,0,0,0
163,2017-12-23,0,2.71,3.2,3.0,0.369,0.312,0.333,46.46,51.62,15,19,2,1,13,24,23,33,46,51,102,49,42,54,6.64,6.67,0,0,1,0,0,0,0,0,0,0,0,0,0,0,0,0,0,0,0,0,0,0,0,0,0,0,0,0,0,0,0,0,0,0,0,1,0,0
164,2017-12-23,2,7.05,4.35,1.65,0.142,0.23,0.606,45.98,67.31,29,28,10,7,15,29,12,18,55,93,116,63,47,86,6.85,6.86,0,0,0,1,0,0,0,0,0,0,0,0,0,0,0,0,0,0,0,0,0,0,0,0,0,0,0,0,0,0,0,0,0,0,1,0,0,0
165,2017-12-23,1,7.16,4.13,1.7,0.14,0.242,0.588,48.82,53.56,22,35,10,10,23,29,30,13,58,92,112,41,41,72,6.67,6.98,0,0,0,0,0,0,1,0,0,0,0,0,0,0,0,0,0,0,0,0,0,0,0,1,0,0,0,0,0,0,0,0,0,0,0,0,0,0
166,2017-12-23,1,4.75,3.71,1.95,0.211,0.27,0.513,45.27,53.49,23,38,10,12,24,35,24,11,60,80,92,43,49,69,6.77,7.02,0,0,0,0,0,0,0,0,1,0,0,0,0,0,0,0,0,0,0,0,0,0,0,0,0,0,0,0,0,0,1,0,0,0,0,0,0,0
167,2017-12-23,0,1.12,15.0,27.0,0.893,0.067,0.037,63.97,48.37,52,13,15,2,56,14,12,24,141,56,140,39,70,49,7.18,6.59,0,0,0,0,0,0,0,0,0,0,1,0,0,0,0,0,0,0,0,0,1,0,0,0,0,0,0,0,0,0,0,0,0,0,0,0,0,0
168,2017-12-23,1,1.67,4.03,7.0,0.599,0.248,0.143,51.51,41.49,17,18,2,6,15,15,22,30,52,53,130,30,60,48,6.7,6.58,0,0,0,0,0,0,0,0,0,0,0,0,1,0,0,0,0,0,0,0,0,0,0,0,0,0,1,0,0,0,0,0,0,0,0,0,0,0
169,2017-12-23,0,2.38,3.35,3.55,0.42,0.299,0.282,39.72,37.21,16,13,3,3,18,11,37,22,56,47,113,40,51,33,6.63,6.61,0,0,0,0,0,0,0,0,0,0,0,0,0,1,0,0,0,0,0,0,0,0,0,0,0,0,0,0,0,0,0,0,0,0,0,0,1,0
170,2017-12-23,1,3.4,3.32,2.5,0.294,0.301,0.4,44.04,52.86,12,17,3,9,10,15,24,27,32,69,97,63,49,62,6.58,6.71,0,0,0,0,0,0,0,0,0,0,0,0,0,0,1,0,0,0,0,0,0,0,0,0,1,0,0,0,0,0,0,0,0,0,0,0,0,0
171,2017-12-26,1,2.8,3.3,3.13,0.357,0.303,0.319,45.69,44.8,13,17,2,7,14,17,28,29,57,58,102,36,51,34,6.56,6.68,0,1,0,0,0,0,0,0,0,0,0,0,0,0,0,0,0,0,0,0,0,0,0,0,0,0,0,0,0,0,0,0,0,0,0,0,0,1
172,2017-12-26,0,1.21,8.4,21.5,0.826,0.119,0.047,50.85,47.61,36,18,10,4,29,14,13,23,100,49,122,39,80,45,6.97,6.66,0,0,0,0,1,0,0,0,0,0,0,0,0,0,0,0,0,0,0,0,0,1,0,0,0,0,0,0,0,0,0,0,0,0,0,0,0,0
173,2017-12-26,1,2.51,3.3,3.51,0.398,0.303,0.285,43.17,41.51,19,19,7,6,16,21,31,38,55,61,100,46,52,53,6.58,6.68,0,0,0,0,0,0,0,1,0,0,0,0,0,0,0,0,0,0,0,0,0,0,0,0,0,0,0,0,0,0,0,0,1,0,0,0,0,0
174,2017-12-26,0,1.2,10.5,21.04,0.833,0.095,0.048,54.57,48.02,34,13,9,4,40,11,22,25,122,34,142,41,82,51,6.99,6.59,0,0,0,0,0,0,0,0,0,1,0,0,0,0,0,0,0,0,0,0,0,0,0,0,0,0,0,0,0,0,0,0,0,1,0,0,0,0
175,2017-12-26,1,1.26,6.67,15.84,0.794,0.15,0.063,46.24,48.12,39,29,10,7,37,15,13,15,86,57,108,43,73,47,7.01,6.81,0,0,0,0,0,0,0,0,0,0,0,1,0,0,0,0,0,0,0,0,0,0,1,0,0,0,0,0,0,0,0,0,0,0,0,0,0,0
176,2017-12-26,0,1.4,5.8,11.0,0.714,0.172,0.091,57.27,57.37,31,18,10,3,32,16,18,23,101,58,154,66,91,62,6.89,6.69,0,0,0,0,0,0,0,0,0,0,0,0,0,0,0,1,0,0,0,0,0,0,0,0,0,0,0,0,0,0,0,1,0,0,0,0,0,0
177,2017-12-26,0,2.7,3.5,2.92,0.37,0.286,0.342,48.47,44.64,19,24,1,10,24,26,34,26,52,63,129,36,59,54,6.66,6.75,0,0,0,0,0,0,0,0,0,0,0,0,0,0,0,0,1,0,0,0,0,0,0,0,0,0,0,1,0,0,0,0,0,0,0,0,0,0
178,2017-12-26,1,2.6,3.25,3.85,0.385,0.308,0.26,39.42,47.07,13,23,2,11,12,23,25,30,54,58,108,41,38,43,6.6,6.69,0,0,0,0,0,0,0,0,0,0,0,0,0,0,0,0,0,1,0,0,0,0,0,0,0,1,0,0,0,0,0,0,0,0,0,0,0,0
179,2017-12-28,2,4.82,4.33,1.8,0.207,0.231,0.556,51.32,64.07,18,31,9,6,16,33,28,23,74,115,149,56,66,91,6.71,6.93,0,0,0,0,0,1,0,0,0,0,0,0,0,0,0,0,0,0,0,1,0,0,0,0,0,0,0,0,0,0,0,0,0,0,0,0,0,0
180,2017-12-30,0,2.45,3.38,3.6,0.408,0.296,0.278,45.49,47.07,14,24,2,9,17,23,31,30,67,61,109,41,56,43,6.57,6.69,0,1,0,0,0,0,0,0,0,0,0,0,0,0,0,0,0,0,0,0,0,0,0,0,0,1,0,0,0,0,0,0,0,0,0,0,0,0
181,2017-12-30,0,1.22,9.75,21.0,0.82,0.103,0.048,50.94,41.51,39,20,10,4,31,22,13,39,108,68,145,46,87,56,6.99,6.7,0,0,0,0,1,0,0,0,0,0,0,0,0,0,0,0,0,0,0,0,0,0,0,0,0,0,0,0,0,0,0,0,1,0,0,0,0,0
182,2017-12-30,1,2.6,3.16,3.67,0.385,0.316,0.272,41.98,48.12,20,30,8,8,17,17,32,17,62,59,101,43,55,47,6.59,6.81,0,0,0,0,0,0,0,1,0,0,0,0,0,0,0,0,0,0,0,0,0,0,1,0,0,0,0,0,0,0,0,0,0,0,0,0,0,0
183,2017-12-30,0,1.35,7.1,11.0,0.741,0.141,0.091,54.01,44.64,37,24,9,7,45,27,22,28,131,68,154,36,88,57,7.03,6.74,0,0,0,0,0,0,0,0,0,1,0,0,0,0,0,0,0,0,0,0,0,0,0,0,0,0,0,1,0,0,0,0,0,0,0,0,0,0
184,2017-12-30,1,1.4,5.5,10.5,0.714,0.182,0.095,51.06,57.37,40,18,8,2,39,18,15,28,92,64,132,66,84,65,7.01,6.68,0,0,0,0,0,0,0,0,0,0,0,1,0,0,0,0,0,0,0,0,0,0,0,0,0,0,0,0,0,0,0,1,0,0,0,0,0,0
185,2017-12-30,2,1.85,3.85,6.0,0.541,0.26,0.167,49.01,48.02,22,13,3,4,26,11,35,30,53,38,136,41,62,52,6.67,6.55,0,0,0,0,0,0,0,0,0,0,0,0,0,0,0,0,1,0,0,0,0,0,0,0,0,0,0,0,0,0,0,0,0,1,0,0,0,0
186,2017-12-31,1,12.96,6.73,1.32,0.077,0.149,0.758,54.71,70.13,18,55,8,15,18,60,31,12,76,146,168,59,71,74,6.72,7.2,0,0,0,0,0,1,0,0,0,0,0,0,0,0,0,0,0,0,0,0,0,0,0,0,0,0,0,0,0,1,0,0,0,0,0,0,0,0
187,2017-12-31,1,5.7,4.19,1.75,0.175,0.239,0.571,46.85,64.07,14,34,2,6,12,36,25,25,57,124,143,56,42,95,6.62,6.94,0,0,0,0,0,0,0,0,0,0,0,0,0,0,0,0,0,1,0,1,0,0,0,0,0,0,0,0,0,0,0,0,0,0,0,0,0,0
188,2018-01-01,1,2.47,3.2,3.48,0.405,0.312,0.287,44.35,49.0,18,17,4,4,14,19,25,32,50,74,97,56,48,60,6.65,6.59,0,0,1,0,0,0,0,0,0,0,0,0,0,0,0,0,0,0,0,0,1,0,0,0,0,0,0,0,0,0,0,0,0,0,0,0,0,0
189,2018-01-01,2,7.5,4.5,1.65,0.133,0.222,0.606,45.18,64.34,31,40,6,11,17,47,17,23,63,137,128,76,49,93,6.81,7.02,0,0,0,1,0,0,0,0,0,0,0,0,0,0,0,0,0,0,0,0,0,0,0,0,0,0,0,0,1,0,0,0,0,0,0,0,0,0
190,2018-01-01,2,5.6,3.89,1.8,0.179,0.257,0.556,46.43,55.37,24,41,6,9,24,39,32,15,62,95,115,55,45,91,6.68,7.0,0,0,0,0,0,0,1,0,0,0,0,0,0,0,0,0,0,0,0,0,0,0,0,0,0,0,0,0,0,0,1,0,0,0,0,0,0,0
191,2018-01-01,0,1.83,4.08,6.01,0.546,0.245,0.166,44.82,44.71,24,21,4,6,28,17,30,32,69,63,105,40,62,55,6.73,6.61,0,0,0,0,0,0,0,0,1,0,0,0,0,0,0,0,0,0,0,0,0,0,0,0,0,0,1,0,0,0,0,0,0,0,0,0,0,0
192,2018-02-01,0,1.18,10.8,21.5,0.847,0.093,0.047,65.18,51.41,56,22,13,3,60,27,12,37,150,57,174,60,81,63,7.18,6.67,0,0,0,0,0,0,0,0,0,0,1,0,0,0,0,0,0,0,0,0,0,0,0,0,0,0,0,0,0,0,0,0,0,0,0,1,0,0
193,2018-02-01,2,2.1,3.5,4.2,0.476,0.286,0.238,49.02,48.73,19,19,2,8,18,18,28,31,67,78,149,76,66,75,6.68,6.73,0,0,0,0,0,0,0,0,0,0,0,0,1,0,0,0,0,0,0,0,0,0,0,0,1,0,0,0,0,0,0,0,0,0,0,0,0,0
194,2018-02-01,2,12.0,5.51,1.48,0.083,0.181,0.676,48.92,66.28,16,34,4,12,13,37,31,20,42,108,129,70,53,93,6.56,6.91,0,0,0,0,0,0,0,0,0,0,0,0,0,0,1,0,0,0,0,0,0,0,0,0,0,0,0,0,0,0,0,0,0,0,1,0,0,0
195,2018-02-01,0,2.19,3.41,4.51,0.457,0.293,0.222,42.59,38.51,18,15,8,3,20,13,32,26,63,60,114,54,36,49,6.69,6.61,0,0,0,0,0,0,0,0,0,0,0,0,0,0,0,0,0,0,1,0,0,0,0,0,0,0,0,0,0,0,0,0,0,0,0,0,1,0
196,2018-03-01,1,3.32,3.51,2.75,0.301,0.285,0.364,60.72,55.42,35,42,7,13,37,36,26,13,128,120,169,58,100,89,6.92,7.01,1,0,0,0,0,0,0,0,0,0,0,0,0,0,0,0,0,0,0,0,0,0,0,1,0,0,0,0,0,0,0,0,0,0,0,0,0,0
197,2018-04-01,1,1.35,6.25,12.7,0.741,0.16,0.079,55.18,45.67,37,21,12,11,39,22,20,33,113,68,168,41,95,39,6.92,6.71,0,0,0,0,0,0,0,0,0,0,0,0,0,0,0,1,0,0,0,0,0,0,0,0,0,0,0,0,0,0,0,0,0,0,0,0,0,1
198,2018-01-13,1,1.33,6.0,13.0,0.752,0.167,0.077,51.37,45.25,43,27,11,4,38,31,15,30,126,74,156,42,92,62,7.01,6.76,0,0,0,0,1,0,0,0,0,0,0,0,0,0,0,0,0,0,0,0,0,0,0,0,0,0,0,1,0,0,0,0,0,0,0,0,0,0
199,2018-01-13,0,2.18,3.3,4.51,0.459,0.303,0.222,41.85,47.52,22,31,8,3,20,18,32,19,82,67,148,49,78,52,6.74,6.8,0,0,0,0,0,1,0,0,0,0,0,0,0,0,0,0,0,0,0,0,0,0,1,0,0,0,0,0,0,0,0,0,0,0,0,0,0,0
200,2018-01-13,2,2.94,3.25,3.1,0.34,0.308,0.323,44.75,45.67,21,22,6,9,17,23,35,34,64,69,119,41,57,39,6.6,6.71,0,0,0,0,0,0,0,1,0,0,0,0,0,0,0,0,0,0,0,0,0,0,0,0,0,0,0,0,0,0,0,0,0,0,0,0,0,1
201,2018-01-13,0,1.33,6.12,13.69,0.752,0.163,0.073,55.46,46.41,38,24,10,5,40,24,21,34,121,62,174,47,109,51,6.92,6.66,0,0,0,0,0,0,0,0,0,0,0,0,0,0,0,1,0,0,0,0,0,0,0,0,0,1,0,0,0,0,0,0,0,0,0,0,0,0
202,2018-01-13,1,2.79,3.48,3.01,0.358,0.287,0.332,49.35,57.71,22,19,3,2,28,19,40,30,61,70,160,73,64,66,6.66,6.68,0,0,0,0,0,0,0,0,0,0,0,0,0,0,0,0,1,0,0,0,0,0,0,0,0,0,0,0,0,0,0,1,0,0,0,0,0,0
203,2018-01-13,0,2.17,3.2,4.33,0.461,0.312,0.231,39.95,47.76,15,19,2,5,14,16,28,27,63,56,130,42,52,54,6.61,6.68,0,0,0,0,0,0,0,0,0,0,0,0,0,0,0,0,0,1,0,0,0,1,0,0,0,0,0,0,0,0,0,0,0,0,0,0,0,0
204,2018-01-14,0,4.8,4.22,2.08,0.208,0.237,0.481,52.22,63.49,18,36,5,7,21,39,34,28,82,134,147,59,73,105,6.6,6.92,0,1,0,0,0,0,0,0,0,0,0,0,0,0,0,0,0,0,0,1,0,0,0,0,0,0,0,0,0,0,0,0,0,0,0,0,0,0
205,2018-01-14,0,3.22,3.75,2.34,0.311,0.267,0.427,63.68,70.73,43,59,13,13,49,63,24,13,142,157,200,67,100,84,7.01,7.17,0,0,0,0,0,0,0,0,0,1,0,0,0,0,0,0,0,0,0,0,0,0,0,0,0,0,0,0,0,1,0,0,0,0,0,0,0,0
206,2018-01-15,0,1.25,7.22,15.8,0.8,0.139,0.063,48.7,41.51,44,20,9,4,41,22,15,44,101,69,141,46,98,56,7.01,6.67,0,0,0,0,0,0,0,0,0,0,0,1,0,0,0,0,0,0,0,0,0,0,0,0,0,0,0,0,0,0,0,0,1,0,0,0,0,0
207,2018-01-20,0,1.5,4.97,7.85,0.667,0.201,0.127,55.43,48.36,36,25,6,8,40,21,30,32,137,84,162,84,109,85,6.9,6.76,1,0,0,0,0,0,0,0,0,0,0,0,0,0,0,0,0,0,0,0,0,0,0,0,1,0,0,0,0,0,0,0,0,0,0,0,0,0
208,2018-01-20,2,7.0,3.9,1.65,0.143,0.256,0.606,48.51,55.42,19,44,5,9,16,38,29,15,57,133,144,62,59,98,6.66,7.0,0,0,1,0,0,0,0,0,0,0,0,0,0,0,0,0,0,0,0,0,0,0,0,1,0,0,0,0,0,0,0,0,0,0,0,0,0,0
209,2018-01-20,2,7.5,4.05,1.6,0.133,0.247,0.625,44.95,55.82,31,47,2,9,18,44,20,15,69,110,133,61,53,103,6.79,7.02,0,0,0,1,0,0,0,0,0,0,0,0,0,0,0,0,0,0,0,0,0,0,0,0,0,0,0,0,0,0,1,0,0,0,0,0,0,0
210,2018-01-20,1,2.59,3.3,4.0,0.386,0.303,0.25,43.14,39.03,24,18,2,5,24,16,38,28,62,67,132,60,54,57,6.64,6.64,0,0,0,0,0,0,1,0,0,0,0,0,0,0,0,0,0,0,0,0,0,0,0,0,0,0,0,0,0,0,0,0,0,0,0,0,1,0
211,2018-01-20,0,1.9,3.91,5.05,0.526,0.256,0.198,45.34,51.77,28,23,5,4,31,30,30,42,75,65,134,70,69,66,6.76,6.66,0,0,0,0,0,0,0,0,1,0,0,0,0,0,0,0,0,0,0,0,0,0,0,0,0,0,0,0,0,0,0,0,0,0,0,1,0,0
212,2018-01-20,0,2.1,3.47,4.23,0.476,0.288,0.236,43.03,46.54,20,21,4,3,22,18,47,39,74,66,129,44,57,59,6.65,6.58,0,0,0,0,0,0,0,0,0,0,0,0,0,1,0,0,0,0,0,0,0,0,0,0,0,0,1,0,0,0,0,0,0,0,0,0,0,0
213,2018-01-20,1,2.37,3.7,4.0,0.422,0.27,0.25,44.13,48.3,25,21,11,8,27,23,35,35,75,87,115,61,40,76,6.74,6.62,0,0,0,0,0,0,0,0,0,0,0,0,0,0,0,0,0,0,1,0,1,0,0,0,0,0,0,0,0,0,0,0,0,0,0,0,0,0
214,2018-01-21,1,5.75,4.14,1.86,0.174,0.242,0.538,53.71,66.25,20,41,3,13,21,44,32,21,74,131,184,85,68,113,6.68,6.95,0,0,0,0,0,0,0,0,0,0,0,0,1,0,0,0,0,0,0,0,0,0,0,0,0,0,0,0,0,0,0,0,0,0,1,0,0,0
215,2018-01-22,0,12.0,5.87,1.35,0.083,0.17,0.741,48.31,61.95,16,46,4,13,13,53,33,27,43,149,139,80,55,105,6.55,7.02,0,0,0,0,0,0,0,0,0,0,0,0,0,0,1,0,0,0,0,0,0,0,0,0,0,0,0,0,1,0,0,0,0,0,0,0,0,0
216,2018-01-30,2,12.0,5.75,1.4,0.083,0.174,0.714,49.89,61.95,21,46,2,12,18,53,41,28,69,153,153,80,59,111,6.56,7.0,0,0,0,0,0,0,0,1,0,0,0,0,0,0,0,0,0,0,0,0,0,0,0,0,0,0,0,0,1,0,0,0,0,0,0,0,0,0
217,2018-01-30,0,7.5,4.62,1.55,0.133,0.216,0.645,50.57,63.45,19,39,7,8,14,44,33,31,45,147,147,60,55,114,6.58,6.93,0,0,0,0,0,0,0,0,0,0,0,0,0,0,1,0,0,0,0,1,0,0,0,0,0,0,0,0,0,0,0,0,0,0,0,0,0,0
218,2018-01-30,1,3.1,3.32,2.65,0.323,0.301,0.377,42.43,48.36,26,25,9,7,28,22,36,36,79,89,129,84,42,88,6.74,6.75,0,0,0,0,0,0,0,0,0,0,0,0,0,0,0,0,0,0,1,0,0,0,0,0,1,0,0,0,0,0,0,0,0,0,0,0,0,0
219,2018-01-31,2,1.37,6.5,12.0,0.73,0.154,0.083,52.76,48.3,47,22,11,9,42,24,15,36,143,90,162,61,101,76,7.02,6.63,0,0,0,0,1,0,0,0,0,0,0,0,0,0,0,0,0,0,0,0,1,0,0,0,0,0,0,0,0,0,0,0,0,0,0,0,0,0
220,2018-01-31,0,3.11,3.2,2.9,0.322,0.312,0.345,44.14,45.93,25,31,2,7,25,33,39,30,66,80,131,45,57,70,6.64,6.78,0,0,0,0,0,0,1,0,0,0,0,0,0,0,0,0,0,0,0,0,0,0,0,0,0,0,0,1,0,0,0,0,0,0,0,0,0,0
221,2018-01-31,0,1.16,10.0,23.5,0.862,0.1,0.043,60.64,39.03,59,19,10,6,66,17,17,29,161,72,189,60,88,58,7.15,6.64,0,0,0,0,0,0,0,0,0,0,1,0,0,0,0,0,0,0,0,0,0,0,0,0,0,0,0,0,0,0,0,0,0,0,0,0,1,0
222,2018-01-31,1,1.85,3.6,6.0,0.541,0.278,0.167,48.85,47.21,21,19,3,4,22,16,33,33,78,60,170,47,69,61,6.68,6.63,0,0,0,0,0,0,0,0,0,0,0,0,1,0,0,0,0,0,0,0,0,1,0,0,0,0,0,0,0,0,0,0,0,0,0,0,0,0
223,2018-01-31,1,2.25,3.55,3.58,0.444,0.282,0.279,43.45,51.77,23,23,7,4,24,30,47,44,80,68,151,70,58,70,6.68,6.65,0,0,0,0,0,0,0,0,0,0,0,0,0,1,0,0,0,0,0,0,0,0,0,0,0,0,0,0,0,0,0,0,0,0,0,1,0,0
224,2018-01-31,0,2.42,3.42,3.4,0.413,0.292,0.294,57.75,55.82,42,50,11,11,45,45,22,15,133,112,202,61,118,109,6.94,7.03,0,0,0,0,0,0,0,0,0,0,0,0,0,0,0,1,0,0,0,0,0,0,0,0,0,0,0,0,0,0,1,0,0,0,0,0,0,0
225,2018-03-02,0,1.37,5.85,12.0,0.73,0.171,0.083,56.25,47.05,39,28,5,4,45,27,34,40,151,70,170,53,115,58,6.9,6.64,1,0,0,0,0,0,0,0,0,0,0,0,0,0,0,0,0,0,0,0,0,0,0,0,0,1,0,0,0,0,0,0,0,0,0,0,0,0
226,2018-03-02,0,2.1,3.7,4.43,0.476,0.27,0.226,44.71,42.67,25,24,11,5,27,24,36,47,95,84,145,54,80,61,6.66,6.69,0,1,0,0,0,0,0,0,0,0,0,0,0,0,0,0,0,0,0,0,0,0,0,0,0,0,0,0,0,0,0,0,1,0,0,0,0,0
227,2018-03-02,0,2.4,3.1,3.95,0.417,0.323,0.253,43.19,45.38,20,27,2,9,17,29,34,37,62,82,133,51,64,43,6.64,6.75,0,0,1,0,0,0,0,0,0,0,0,0,0,0,0,0,0,0,0,0,0,0,0,0,0,0,0,0,0,0,0,0,0,0,0,0,0,1
228,2018-03-02,1,13.5,6.0,1.35,0.074,0.167,0.741,51.99,71.02,31,62,2,10,18,69,21,17,72,171,165,74,56,90,6.78,7.17,0,0,0,1,0,0,0,0,0,0,0,0,0,0,0,0,0,0,0,0,0,0,0,0,0,0,0,0,0,1,0,0,0,0,0,0,0,0
229,2018-03-02,1,1.85,3.6,5.3,0.541,0.278,0.189,44.87,43.2,31,22,7,9,34,17,32,34,82,49,125,51,72,59,6.77,6.59,0,0,0,0,0,0,0,0,1,0,0,0,0,0,0,0,0,0,0,0,0,0,0,0,0,0,0,0,0,0,0,0,0,1,0,0,0,0
230,2018-03-02,0,1.22,8.5,23.45,0.82,0.118,0.043,51.21,44.77,50,21,10,1,45,18,17,44,115,70,152,46,110,61,7.0,6.54,0,0,0,0,0,0,0,0,0,0,0,1,0,0,0,0,0,0,0,0,0,0,0,0,0,0,1,0,0,0,0,0,0,0,0,0,0,0
231,2018-03-02,2,2.96,3.2,3.1,0.338,0.312,0.323,42.03,57.05,19,22,5,4,17,23,32,34,73,81,167,86,59,76,6.63,6.68,0,0,0,0,0,0,0,0,0,0,0,0,0,0,0,0,0,1,0,0,0,0,0,0,0,0,0,0,0,0,0,1,0,0,0,0,0,0
232,2018-04-02,1,2.2,3.84,3.81,0.455,0.26,0.262,58.48,65.2,49,45,12,11,56,47,28,22,160,139,220,94,115,125,7.01,6.95,0,0,0,0,0,0,0,0,0,1,0,0,0,0,0,0,0,0,0,0,0,0,0,0,0,0,0,0,0,0,0,0,0,0,1,0,0,0
233,2018-05-02,0,6.95,4.5,1.64,0.144,0.222,0.61,52.12,56.28,24,47,2,8,30,42,44,18,70,148,194,70,74,109,6.65,7.0,0,0,0,0,0,0,0,0,0,0,0,0,0,0,0,0,1,0,0,0,0,0,0,1,0,0,0,0,0,0,0,0,0,0,0,0,0,0
234,2018-10-02,0,2.3,3.32,4.09,0.435,0.301,0.244,43.82,48.36,28,26,4,8,28,23,45,37,72,92,142,84,62,89,6.63,6.75,0,0,0,0,0,0,1,0,0,0,0,0,0,0,0,0,0,0,0,0,0,0,0,0,1,0,0,0,0,0,0,0,0,0,0,0,0,0
235,2018-10-02,0,1.25,7.4,17.0,0.8,0.135,0.059,62.21,47.02,63,32,8,8,70,35,18,33,178,87,194,50,97,75,7.16,6.77,0,0,0,0,0,0,0,0,0,0,1,0,0,0,0,0,0,0,0,0,0,0,0,0,0,0,0,1,0,0,0,0,0,0,0,0,0,0
236,2018-10-02,1,2.43,3.27,3.8,0.412,0.306,0.263,41.36,47.81,24,23,4,5,25,20,49,35,88,67,149,58,64,69,6.7,6.65,0,0,0,0,0,0,0,0,0,0,0,0,0,1,0,0,0,0,0,0,0,1,0,0,0,0,0,0,0,0,0,0,0,0,0,0,0,0
237,2018-10-02,0,2.5,3.1,3.71,0.4,0.323,0.27,41.81,46.05,23,32,10,2,18,19,35,22,50,75,126,61,60,57,6.59,6.78,0,0,0,0,0,0,0,0,0,0,0,0,0,0,1,0,0,0,0,0,0,0,1,0,0,0,0,0,0,0,0,0,0,0,0,0,0,0
238,2018-10-02,0,2.2,3.9,4.07,0.455,0.256,0.246,61.53,63.02,46,42,9,7,49,50,24,35,145,158,233,63,130,120,6.94,6.92,0,0,0,0,0,0,0,0,0,0,0,0,0,0,0,1,0,0,0,1,0,0,0,0,0,0,0,0,0,0,0,0,0,0,0,0,0,0
239,2018-10-02,0,2.57,3.36,3.3,0.389,0.298,0.303,45.14,51.22,27,27,6,5,30,34,40,45,83,78,156,79,44,78,6.74,6.68,0,0,0,0,0,0,0,0,0,0,0,0,0,0,0,0,0,0,1,0,0,0,0,0,0,0,0,0,0,0,0,0,0,0,0,1,0,0
240,2018-11-02,0,3.4,3.39,2.65,0.294,0.295,0.377,45.49,48.99,21,28,0,11,18,29,46,37,70,103,125,64,64,84,6.54,6.66,0,0,0,0,0,0,0,1,0,0,0,0,0,0,0,0,0,0,0,0,1,0,0,0,0,0,0,0,0,0,0,0,0,0,0,0,0,0
241,2018-11-02,2,5.18,4.05,1.85,0.193,0.247,0.541,54.38,59.81,25,50,6,10,26,58,36,30,86,163,216,84,79,117,6.69,6.99,0,0,0,0,0,0,0,0,0,0,0,0,1,0,0,0,0,0,0,0,0,0,0,0,0,0,0,0,1,0,0,0,0,0,0,0,0,0
242,2018-12-02,0,1.4,5.3,12.0,0.714,0.189,0.083,50.54,39.02,47,19,5,4,43,19,22,35,151,76,190,64,111,61,6.97,6.62,0,0,0,0,1,0,0,0,0,0,0,0,0,0,0,0,0,0,0,0,0,0,0,0,0,0,0,0,0,0,0,0,0,0,0,0,1,0
243,2018-02-24,0,2.2,3.31,4.53,0.455,0.302,0.221,44.49,44.28,24,26,5,10,21,19,36,35,73,54,144,53,70,67,6.67,6.6,0,0,1,0,0,0,0,0,0,0,0,0,0,0,0,0,0,0,0,0,0,0,0,0,0,0,0,0,0,0,0,0,0,1,0,0,0,0
244,2018-02-24,1,3.49,3.2,2.79,0.287,0.312,0.358,44.13,56.71,32,25,1,6,19,26,23,38,76,90,166,88,61,79,6.77,6.67,0,0,0,1,0,0,0,0,0,0,0,0,0,0,0,0,0,0,0,0,0,0,0,0,0,0,0,0,0,0,0,1,0,0,0,0,0,0
245,2018-02-24,1,1.75,3.95,5.62,0.571,0.253,0.178,43.35,43.78,32,25,5,5,36,26,38,50,89,91,147,60,75,70,6.74,6.7,0,0,0,0,0,0,0,0,1,0,0,0,0,0,0,0,0,0,0,0,0,0,0,0,0,0,0,0,0,0,0,0,1,0,0,0,0,0
246,2018-02-24,0,1.25,7.5,15.0,0.8,0.133,0.067,52.65,44.62,53,30,10,8,60,32,30,40,167,87,209,53,121,46,7.0,6.77,0,0,0,0,0,0,0,0,0,1,0,0,0,0,0,0,0,0,0,0,0,0,0,0,0,0,0,0,0,0,0,0,0,0,0,0,0,1
247,2018-02-24,0,2.47,3.42,3.6,0.405,0.292,0.278,47.86,47.46,27,31,5,7,34,31,47,46,82,77,187,55,82,66,6.67,6.64,0,0,0,0,0,0,0,0,0,0,0,0,0,0,0,0,1,0,0,0,0,0,0,0,0,1,0,0,0,0,0,0,0,0,0,0,0,0
248,2018-02-24,2,2.0,3.44,5.01,0.5,0.291,0.2,41.75,45.25,19,24,4,3,19,22,38,47,77,74,166,51,61,70,6.61,6.56,0,0,0,0,0,0,0,0,0,0,0,0,0,0,0,0,0,1,0,0,0,0,0,0,0,0,1,0,0,0,0,0,0,0,0,0,0,0
249,2018-02-25,2,9.5,5.6,1.51,0.105,0.179,0.662,49.06,64.11,26,49,7,11,24,50,40,24,96,151,203,105,96,131,6.75,6.95,0,0,0,0,0,1,0,0,0,0,0,0,0,0,0,0,0,0,0,0,0,0,0,0,0,0,0,0,0,0,0,0,0,0,1,0,0,0
250,2018-02-25,0,2.39,3.3,3.55,0.418,0.303,0.282,54.51,56.33,53,50,12,7,47,46,17,22,122,159,182,76,115,117,7.01,6.98,0,0,0,0,0,0,0,0,0,0,0,1,0,0,0,0,0,0,0,0,0,0,0,1,0,0,0,0,0,0,0,0,0,0,0,0,0,0
251,2018-01-03,2,4.75,4.33,1.8,0.211,0.231,0.556,65.14,70.98,42,66,6,10,50,75,36,19,159,189,210,80,122,99,6.91,7.16,1,0,0,0,0,0,0,0,0,0,0,0,0,0,0,0,0,0,0,0,0,0,0,0,0,0,0,0,0,1,0,0,0,0,0,0,0,0
252,2018-03-03,0,2.62,3.3,3.43,0.382,0.303,0.292,42.29,47.46,33,31,2,7,20,31,24,47,79,79,160,55,64,67,6.78,6.64,0,0,0,1,0,0,0,0,0,0,0,0,0,0,0,0,0,0,0,0,0,0,0,0,0,1,0,0,0,0,0,0,0,0,0,0,0,0
253,2018-03-03,1,1.9,3.8,4.62,0.526,0.263,0.216,45.66,48.99,33,28,5,10,37,30,39,41,98,105,143,64,77,87,6.74,6.64,0,0,0,0,0,0,0,0,1,0,0,0,0,0,0,0,0,0,0,0,1,0,0,0,0,0,0,0,0,0,0,0,0,0,0,0,0,0
254,2018-03-03,1,1.85,3.82,5.61,0.541,0.262,0.178,48.63,43.78,26,26,6,6,27,27,39,51,96,93,203,60,83,72,6.68,6.7,0,0,0,0,0,0,0,0,0,0,0,0,1,0,0,0,0,0,0,0,0,0,0,0,0,0,0,0,0,0,0,0,1,0,0,0,0,0
255,2018-03-03,0,2.65,3.3,3.17,0.377,0.303,0.315,43.44,44.62,26,30,10,5,20,33,39,44,55,91,142,53,71,47,6.58,6.75,0,0,0,0,0,0,0,0,0,0,0,0,0,0,1,0,0,0,0,0,0,0,0,0,0,0,0,0,0,0,0,0,0,0,0,0,0,1
256,2018-03-03,0,1.25,8.05,24.5,0.8,0.124,0.041,56.21,45.25,52,27,11,6,51,24,24,48,155,81,226,51,135,75,6.94,6.58,0,0,0,0,0,0,0,0,0,0,0,0,0,0,0,1,0,0,0,0,0,0,0,0,0,0,1,0,0,0,0,0,0,0,0,0,0,0
257,2018-03-03,0,2.41,3.4,4.0,0.415,0.294,0.25,47.0,40.12,30,19,7,1,35,20,47,40,87,80,207,69,86,63,6.69,6.61,0,0,0,0,0,0,0,0,0,0,0,0,0,0,0,0,1,0,0,0,0,0,0,0,0,0,0,0,0,0,0,0,0,0,0,0,1,0
258,2018-04-03,0,4.4,3.79,2.0,0.227,0.264,0.5,50.39,61.7,27,42,8,6,25,50,37,39,78,164,189,65,72,125,6.69,6.88,0,0,1,0,0,0,0,0,0,0,0,0,0,0,0,0,0,0,0,1,0,0,0,0,0,0,0,0,0,0,0,0,0,0,0,0,0,0
259,2018-04-03,0,1.65,4.85,6.5,0.606,0.206,0.154,65.59,56.33,69,50,10,6,78,47,19,24,194,166,226,76,102,120,7.17,6.97,0,0,0,0,0,0,0,0,0,0,1,0,0,0,0,0,0,0,0,0,0,0,0,1,0,0,0,0,0,0,0,0,0,0,0,0,0,0
260,2018-05-03,2,7.85,4.7,1.58,0.127,0.213,0.633,46.41,56.35,26,56,4,12,24,49,41,18,99,127,185,66,97,119,6.75,7.01,0,0,0,0,0,1,0,0,0,0,0,0,0,0,0,0,0,0,0,0,0,0,0,0,0,0,0,0,0,0,1,0,0,0,0,0,0,0
261,2018-10-03,0,1.33,6.0,13.0,0.752,0.167,0.077,51.1,45.33,50,26,3,1,47,26,25,44,166,103,198,90,120,98,6.94,6.76,0,0,0,0,1,0,0,0,0,0,0,0,0,0,0,0,0,0,0,0,0,0,0,0,1,0,0,0,0,0,0,0,0,0,0,0,0,0
262,2018-10-03,0,2.25,3.32,3.89,0.444,0.301,0.257,43.9,46.67,31,30,6,11,32,27,49,38,83,84,160,72,67,74,6.64,6.7,0,0,0,0,0,0,1,0,0,0,0,0,0,0,0,0,0,0,0,0,0,1,0,0,0,0,0,0,0,0,0,0,0,0,0,0,0,0
263,2018-10-03,1,2.57,3.2,3.37,0.389,0.312,0.297,45.05,44.36,27,29,6,10,24,24,50,40,84,63,138,54,75,71,6.57,6.6,0,0,0,0,0,0,0,1,0,0,0,0,0,0,0,0,0,0,0,0,0,0,0,0,0,0,0,0,0,0,0,0,0,1,0,0,0,0
264,2018-10-03,0,3.2,3.4,2.8,0.312,0.294,0.357,54.76,60.41,59,56,12,10,52,64,20,31,135,179,200,91,125,123,7.01,7.02,0,0,0,0,0,0,0,0,0,0,0,1,0,0,0,0,0,0,0,0,0,0,0,0,0,0,0,0,1,0,0,0,0,0,0,0,0,0
265,2018-10-03,2,3.39,3.44,2.6,0.295,0.291,0.385,41.04,48.86,19,34,0,3,20,38,41,40,82,102,180,67,65,87,6.61,6.74,0,0,0,0,0,0,0,0,0,0,0,0,0,0,0,0,0,1,0,0,0,0,0,0,0,0,0,1,0,0,0,0,0,0,0,0,0,0
266,2018-10-03,2,2.32,3.4,3.85,0.431,0.294,0.26,41.5,46.94,30,36,4,5,34,22,48,25,93,87,148,67,51,74,6.73,6.79,0,0,0,0,0,0,0,0,0,0,0,0,0,0,0,0,0,0,1,0,0,0,1,0,0,0,0,0,0,0,0,0,0,0,0,0,0,0
267,2018-11-03,0,1.52,5.0,7.5,0.658,0.2,0.133,57.88,51.56,42,33,3,10,51,36,41,47,171,91,202,89,131,91,6.87,6.7,1,0,0,0,0,0,0,0,0,0,0,0,0,0,0,0,0,0,0,0,0,0,0,0,0,0,0,0,0,0,0,0,0,0,0,1,0,0
268,2018-11-03,2,7.75,5.0,1.55,0.129,0.2,0.645,50.92,64.8,29,55,8,13,31,53,42,24,108,162,184,108,88,140,6.65,6.96,0,1,0,0,0,0,0,0,0,0,0,0,0,0,0,0,0,0,0,0,0,0,0,0,0,0,0,0,0,0,0,0,0,0,1,0,0,0
269,2018-12-03,2,15.0,6.95,1.25,0.067,0.144,0.8,50.92,71.0,27,72,4,13,27,79,51,19,96,197,199,85,72,107,6.71,7.16,0,0,0,0,0,0,0,0,0,0,0,0,0,1,0,0,0,0,0,0,0,0,0,0,0,0,0,0,0,1,0,0,0,0,0,0,0,0
270,2018-03-17,0,1.9,3.84,5.0,0.526,0.26,0.2,44.67,40.38,29,19,7,0,32,21,46,45,111,84,181,72,92,66,6.64,6.6,0,1,0,0,0,0,0,0,0,0,0,0,0,0,0,0,0,0,0,0,0,0,0,0,0,0,0,0,0,0,0,0,0,0,0,0,1,0
271,2018-03-17,2,3.0,3.2,2.88,0.333,0.312,0.347,44.88,45.33,28,26,7,1,24,27,50,46,88,105,165,90,86,100,6.58,6.76,0,0,0,0,0,0,0,1,0,0,0,0,0,0,0,0,0,0,0,0,0,0,0,0,1,0,0,0,0,0,0,0,0,0,0,0,0,0
272,2018-03-17,0,1.2,9.0,18.45,0.833,0.111,0.054,55.55,51.56,56,33,10,9,65,36,33,50,181,95,244,89,130,93,7.0,6.68,0,0,0,0,0,0,0,0,0,1,0,0,0,0,0,0,0,0,0,0,0,0,0,0,0,0,0,0,0,0,0,0,0,0,0,1,0,0
273,2018-03-17,2,2.78,3.31,3.18,0.36,0.302,0.314,41.43,48.23,27,34,3,6,27,34,53,49,96,86,179,62,74,70,6.7,6.65,0,0,0,0,0,0,0,0,0,0,0,0,0,1,0,0,0,0,0,0,0,0,0,0,0,1,0,0,0,0,0,0,0,0,0,0,0,0
274,2018-03-31,2,2.82,3.34,2.85,0.355,0.299,0.351,43.86,48.86,30,37,10,6,27,42,40,41,88,108,177,67,75,90,6.69,6.76,0,0,1,0,0,0,0,0,0,0,0,0,0,0,0,0,0,0,0,0,0,0,0,0,0,0,0,1,0,0,0,0,0,0,0,0,0,0
275,2018-03-31,2,7.2,4.7,1.54,0.139,0.213,0.649,48.12,60.25,29,59,3,10,29,70,46,33,111,191,234,92,107,132,6.78,7.01,0,0,0,0,0,1,0,0,0,0,0,0,0,0,0,0,0,0,0,0,0,0,0,0,0,0,0,0,1,0,0,0,0,0,0,0,0,0
276,2018-03-31,2,10.55,5.63,1.36,0.095,0.178,0.735,53.9,71.0,37,75,9,13,36,81,50,19,95,203,206,85,72,110,6.65,7.17,0,0,0,0,0,0,1,0,0,0,0,0,0,0,0,0,0,0,0,0,0,0,0,0,0,0,0,0,0,1,0,0,0,0,0,0,0,0
277,2018-03-31,0,1.25,7.02,16.0,0.8,0.142,0.062,49.89,44.36,62,30,12,8,54,24,21,40,137,63,163,54,127,71,7.01,6.62,0,0,0,0,0,0,0,0,0,0,0,1,0,0,0,0,0,0,0,0,0,0,0,0,0,0,0,0,0,0,0,0,0,1,0,0,0,0
278,2018-03-31,1,2.35,3.5,3.53,0.426,0.286,0.283,48.68,48.97,33,32,6,7,36,34,55,47,96,116,203,75,94,100,6.67,6.64,0,0,0,0,0,0,0,0,0,0,0,0,0,0,0,0,1,0,0,0,1,0,0,0,0,0,0,0,0,0,0,0,0,0,0,0,0,0
279,2018-03-31,2,2.67,3.2,3.16,0.375,0.312,0.316,39.88,46.94,19,39,0,8,22,25,47,25,90,91,188,67,70,75,6.6,6.8,0,0,0,0,0,0,0,0,0,0,0,0,0,0,0,0,0,1,0,0,0,0,1,0,0,0,0,0,0,0,0,0,0,0,0,0,0,0
280,2018-03-31,0,2.97,3.3,2.71,0.337,0.303,0.369,45.17,57.27,30,27,3,6,34,27,51,39,97,102,168,93,54,90,6.72,6.69,0,0,0,0,0,0,0,0,0,0,0,0,0,0,0,0,0,0,1,0,0,0,0,0,0,0,0,0,0,0,0,1,0,0,0,0,0,0
281,2018-01-04,0,1.35,6.1,11.0,0.741,0.164,0.091,54.35,42.37,45,27,6,3,54,28,41,55,178,100,206,63,131,77,6.89,6.7,1,0,0,0,0,0,0,0,0,0,0,0,0,0,0,0,0,0,0,0,0,0,0,0,0,0,0,0,0,0,0,0,1,0,0,0,0,0
282,2018-01-04,2,2.43,3.43,3.4,0.412,0.292,0.294,56.52,64.8,53,58,6,13,49,57,26,25,177,170,235,108,127,143,6.95,6.97,0,0,0,0,1,0,0,0,0,0,0,0,0,0,0,0,0,0,0,0,0,0,0,0,0,0,0,0,0,0,0,0,0,0,1,0,0,0
283,2018-07-04,1,2.67,3.54,3.04,0.375,0.282,0.329,45.73,44.45,33,29,5,3,36,30,49,48,122,114,182,93,103,107,6.65,6.77,0,1,0,0,0,0,0,0,0,0,0,0,0,0,0,0,0,0,0,0,0,0,0,0,1,0,0,0,0,0,0,0,0,0,0,0,0,0
284,2018-07-04,1,1.88,3.7,5.46,0.532,0.27,0.183,44.33,48.27,30,28,7,7,27,24,42,52,91,90,179,69,80,87,6.68,6.58,0,0,1,0,0,0,0,0,0,0,0,0,0,0,0,0,0,0,0,0,0,0,0,0,0,0,1,0,0,0,0,0,0,0,0,0,0,0
285,2018-07-04,1,4.3,3.75,2.17,0.233,0.267,0.461,49.22,60.25,37,62,6,12,37,72,53,34,97,197,215,92,72,138,6.64,7.01,0,0,0,0,0,0,1,0,0,0,0,0,0,0,0,0,0,0,0,0,0,0,0,0,0,0,0,0,1,0,0,0,0,0,0,0,0,0
286,2018-07-04,2,1.95,3.85,4.66,0.513,0.26,0.215,65.0,55.41,78,65,15,15,84,56,20,21,207,142,231,71,116,129,7.16,7.01,0,0,0,0,0,0,0,0,0,0,1,0,0,0,0,0,0,0,0,0,0,0,0,0,0,0,0,0,0,0,1,0,0,0,0,0,0,0
287,2018-07-04,2,11.3,6.15,1.35,0.088,0.163,0.741,46.48,64.8,27,61,2,15,28,60,58,26,102,176,210,108,79,146,6.68,6.97,0,0,0,0,0,0,0,0,0,0,0,0,0,1,0,0,0,0,0,0,0,0,0,0,0,0,0,0,0,0,0,0,0,0,1,0,0,0
288,2018-07-04,2,2.39,3.3,3.55,0.418,0.303,0.282,46.69,46.94,34,42,7,10,38,27,57,26,101,95,218,67,101,76,6.67,6.8,0,0,0,0,0,0,0,0,0,0,0,0,0,0,0,0,1,0,0,0,0,0,1,0,0,0,0,0,0,0,0,0,0,0,0,0,0,0
289,2018-07-04,1,2.53,3.3,3.49,0.395,0.303,0.287,41.27,44.36,19,30,0,7,23,24,49,42,93,65,184,54,72,72,6.6,6.6,0,0,0,0,0,0,0,0,0,0,0,0,0,0,0,0,0,1,0,0,0,0,0,0,0,0,0,0,0,0,0,0,0,1,0,0,0,0
290,2018-08-04,0,1.79,4.5,6.44,0.559,0.222,0.155,57.8,57.27,48,27,6,5,57,27,41,42,189,102,217,93,136,94,6.91,6.67,1,0,0,0,0,0,0,0,0,0,0,0,0,0,0,0,0,0,0,0,0,0,0,0,0,0,0,0,0,0,0,1,0,0,0,0,0,0
291,2018-08-04,1,1.31,6.34,12.0,0.763,0.158,0.083,50.78,45.37,53,33,6,6,50,37,29,51,181,102,213,63,130,57,6.93,6.74,0,0,0,0,1,0,0,0,0,0,0,0,0,0,0,0,0,0,0,0,0,0,0,0,0,0,0,0,0,0,0,0,0,0,0,0,0,1
292,2018-04-14,0,2.7,3.3,3.05,0.37,0.303,0.328,43.47,48.86,45,40,13,8,29,44,27,41,99,112,176,67,77,90,6.81,6.77,0,0,0,1,0,0,0,0,0,0,0,0,0,0,0,0,0,0,0,0,0,0,0,0,0,0,0,1,0,0,0,0,0,0,0,0,0,0
293,2018-04-14,0,1.95,3.56,5.0,0.513,0.281,0.2,42.81,46.3,30,31,4,7,32,28,50,43,120,95,210,85,111,83,6.79,6.67,0,0,0,0,0,1,0,0,0,0,0,0,0,0,0,0,0,0,0,0,0,1,0,0,0,0,0,0,0,0,0,0,0,0,0,0,0,0
294,2018-04-14,0,2.72,3.25,3.15,0.368,0.308,0.317,47.47,51.99,29,34,5,4,25,39,53,59,95,106,188,97,92,106,6.58,6.66,0,0,0,0,0,0,0,1,0,0,0,0,0,0,0,0,0,0,0,0,0,0,0,0,0,0,0,0,0,0,0,0,0,0,0,1,0,0
295,2018-04-14,0,1.25,7.3,13.5,0.8,0.137,0.074,54.87,49.21,63,34,10,6,72,38,34,51,200,127,233,86,141,107,7.0,6.65,0,0,0,0,0,0,0,0,0,1,0,0,0,0,0,0,0,0,0,0,1,0,0,0,0,0,0,0,0,0,0,0,0,0,0,0,0,0
296,2018-04-14,2,4.81,3.85,1.9,0.208,0.26,0.526,53.2,56.42,27,54,2,4,29,51,45,30,110,187,236,103,97,136,6.67,6.93,0,0,0,0,0,0,0,0,0,0,0,0,1,0,0,0,0,0,0,0,0,0,0,1,0,0,0,0,0,0,0,0,0,0,0,0,0,0
297,2018-04-14,1,2.77,3.3,3.15,0.361,0.303,0.317,43.61,45.86,31,38,5,7,25,37,43,53,66,98,161,70,73,73,6.6,6.64,0,0,0,0,0,0,0,0,0,0,0,0,0,0,1,0,0,0,0,0,0,0,0,0,0,1,0,0,0,0,0,0,0,0,0,0,0,0
298,2018-04-14,2,2.8,3.66,2.75,0.357,0.273,0.364,64.99,70.59,64,78,15,12,62,86,27,23,180,213,285,94,152,121,6.97,7.14,0,0,0,0,0,0,0,0,0,0,0,0,0,0,0,1,0,0,0,0,0,0,0,0,0,0,0,0,0,1,0,0,0,0,0,0,0,0
299,2018-04-15,2,1.22,8.0,19.0,0.82,0.125,0.053,48.65,41.53,68,20,15,1,59,24,23,50,146,96,193,79,129,80,7.01,6.6,0,0,0,0,0,0,0,0,0,0,0,1,0,0,0,0,0,0,0,0,0,0,0,0,0,0,0,0,0,0,0,0,0,0,0,0,1,0
300,2018-04-16,1,2.01,3.6,4.2,0.498,0.278,0.238,41.92,41.8,34,27,4,1,38,29,52,60,104,106,178,68,60,80,6.74,6.68,0,0,0,0,0,0,0,0,0,0,0,0,0,0,0,0,0,0,1,0,0,0,0,0,0,0,0,0,0,0,0,0,1,0,0,0,0,0
301,2018-04-17,1,6.59,4.35,1.57,0.152,0.23,0.637,49.17,63.75,31,64,4,12,30,63,46,30,98,183,231,109,86,156,6.67,6.96,0,0,1,0,0,0,0,0,0,0,0,0,0,0,0,0,0,0,0,0,0,0,0,0,0,0,0,0,0,0,0,0,0,0,1,0,0,0
302,2018-04-18,2,5.2,4.07,1.83,0.192,0.246,0.546,48.41,56.34,34,68,5,12,38,59,54,24,128,150,191,77,110,133,6.64,7.0,0,1,0,0,0,0,0,0,0,0,0,0,0,0,0,0,0,0,0,0,0,0,0,0,0,0,0,0,0,0,1,0,0,0,0,0,0,0
303,2018-04-19,2,4.75,3.59,2.0,0.211,0.279,0.5,46.84,56.42,48,57,15,7,31,54,28,32,102,192,203,103,80,144,6.81,6.94,0,0,0,1,0,0,0,0,0,0,0,0,0,0,0,0,0,0,0,0,0,0,0,1,0,0,0,0,0,0,0,0,0,0,0,0,0,0
304,2018-04-19,1,2.42,3.53,3.2,0.413,0.283,0.312,47.4,56.32,40,27,8,2,45,31,43,48,118,117,193,95,95,98,6.76,6.67,0,0,0,0,0,0,0,0,1,0,0,0,0,0,0,0,0,0,0,0,0,0,0,0,0,0,0,0,0,0,0,1,0,0,0,0,0,0
305,2018-04-21,1,3.1,3.44,2.6,0.323,0.291,0.385,47.85,44.81,34,33,1,7,39,35,60,52,108,128,229,95,108,116,6.65,6.79,0,0,0,0,0,0,0,0,0,0,0,0,0,0,0,0,1,0,0,0,0,0,0,0,1,0,0,0,0,0,0,0,0,0,0,0,0,0
306,2018-04-21,1,7.57,4.5,1.6,0.132,0.222,0.625,46.35,60.35,23,66,4,10,25,75,50,34,100,207,243,102,82,144,6.61,7.01,0,0,0,0,0,0,0,0,0,0,0,0,0,0,0,0,0,1,0,0,0,0,0,0,0,0,0,0,1,0,0,0,0,0,0,0,0,0
307,2018-04-22,0,1.6,4.65,6.88,0.625,0.215,0.145,55.12,46.51,51,35,9,5,60,39,43,53,196,110,203,66,138,69,6.91,6.74,1,0,0,0,0,0,0,0,0,0,0,0,0,0,0,0,0,0,0,0,0,0,0,0,0,0,0,0,0,0,0,0,0,0,0,0,0,1
308,2018-04-22,0,1.2,10.25,23.8,0.833,0.098,0.042,61.16,44.77,81,32,12,6,89,26,24,44,219,73,238,59,127,78,7.14,6.61,0,0,0,0,0,0,0,0,0,0,1,0,0,0,0,0,0,0,0,0,0,0,0,0,0,0,0,0,0,0,0,0,0,1,0,0,0,0
309,2018-04-22,1,2.38,3.46,3.65,0.42,0.289,0.274,40.05,45.94,28,48,1,12,30,32,61,30,113,104,193,71,83,81,6.68,6.8,0,0,0,0,0,0,0,0,0,0,0,0,0,1,0,0,0,0,0,0,0,0,1,0,0,0,0,0,0,0,0,0,0,0,0,0,0,0
310,2018-04-28,1,2.32,3.2,3.8,0.431,0.312,0.263,42.83,45.69,49,32,10,2,33,31,31,47,111,103,194,87,85,87,6.8,6.68,0,0,0,1,0,0,0,0,0,0,0,0,0,0,0,0,0,0,0,0,0,1,0,0,0,0,0,0,0,0,0,0,0,0,0,0,0,0
311,2018-04-28,0,2.1,3.6,3.85,0.476,0.278,0.26,44.31,49.21,34,41,8,8,35,45,52,43,129,121,216,71,118,99,6.8,6.76,0,0,0,0,0,1,0,0,0,0,0,0,0,0,0,0,0,0,0,0,0,0,0,0,0,0,0,1,0,0,0,0,0,0,0,0,0,0
312,2018-04-28,2,2.77,3.1,3.15,0.361,0.323,0.317,45.98,45.86,32,39,5,8,26,38,53,54,96,101,186,70,97,77,6.59,6.65,0,0,0,0,0,0,0,1,0,0,0,0,0,0,0,0,0,0,0,0,0,0,0,0,0,1,0,0,0,0,0,0,0,0,0,0,0,0
313,2018-04-28,1,1.33,6.0,11.5,0.752,0.167,0.087,52.58,41.86,67,29,11,2,77,31,36,62,210,116,267,72,146,84,7.0,6.69,0,0,0,0,0,0,0,0,0,1,0,0,0,0,0,0,0,0,0,0,0,0,0,0,0,0,0,0,0,0,0,0,1,0,0,0,0,0
314,2018-04-28,0,1.73,4.16,5.34,0.578,0.24,0.187,49.94,48.93,28,34,2,5,31,38,48,56,119,130,219,92,98,115,6.67,6.63,0,0,0,0,0,0,0,0,0,0,0,0,1,0,0,0,0,0,0,0,1,0,0,0,0,0,0,0,0,0,0,0,0,0,0,0,0,0
315,2018-04-28,2,7.8,4.85,1.55,0.128,0.206,0.645,47.09,56.42,32,60,3,10,26,56,49,33,74,197,190,103,79,150,6.59,6.94,0,0,0,0,0,0,0,0,0,0,0,0,0,0,1,0,0,0,0,0,0,0,0,1,0,0,0,0,0,0,0,0,0,0,0,0,0,0
316,2018-04-29,0,1.5,5.3,8.5,0.667,0.189,0.118,56.2,62.57,71,54,12,12,61,64,24,44,154,204,207,89,141,142,7.0,6.91,0,0,0,0,0,0,0,0,0,0,0,1,0,0,0,0,0,0,0,1,0,0,0,0,0,0,0,0,0,0,0,0,0,0,0,0,0,0
317,2018-04-29,2,11.03,5.75,1.4,0.091,0.174,0.714,52.67,71.36,35,84,5,12,40,94,57,24,114,231,215,98,72,130,6.72,7.16,0,0,0,0,0,0,0,0,0,0,0,0,0,0,0,0,0,0,1,0,0,0,0,0,0,0,0,0,0,1,0,0,0,0,0,0,0,0
318,2018-04-30,0,1.17,9.0,22.0,0.855,0.111,0.045,57.26,51.98,65,35,10,2,64,39,31,60,189,112,269,107,161,108,6.95,6.65,0,0,0,0,0,0,0,0,0,0,0,0,0,0,0,1,0,0,0,0,0,0,0,0,0,0,0,0,0,0,0,0,0,0,0,1,0,0
319,2018-04-05,0,5.2,3.6,1.88,0.192,0.278,0.532,46.46,56.51,33,74,3,12,31,63,47,25,105,157,208,83,91,148,6.68,7.0,0,0,1,0,0,0,0,0,0,0,0,0,0,0,0,0,0,0,0,0,0,0,0,0,0,0,0,0,0,0,1,0,0,0,0,0,0,0
320,2018-05-05,0,2.3,3.66,4.0,0.435,0.273,0.25,45.57,45.17,34,32,2,2,39,26,58,50,137,77,196,64,117,81,6.63,6.58,0,1,0,0,0,0,0,0,0,0,0,0,0,0,0,0,0,0,0,0,0,0,0,0,0,0,0,0,0,0,0,0,0,1,0,0,0,0
321,2018-05-05,1,3.0,3.4,2.71,0.333,0.294,0.369,45.95,55.38,42,31,8,4,40,33,54,49,106,125,210,99,78,102,6.66,6.68,0,0,0,0,0,0,1,0,0,0,0,0,0,0,0,0,0,0,0,0,0,0,0,0,0,0,0,0,0,0,0,1,0,0,0,0,0,0
322,2018-05-05,2,2.3,3.56,3.48,0.435,0.281,0.287,45.28,45.14,41,35,7,5,45,41,48,61,122,115,181,68,102,73,6.74,6.7,0,0,0,0,0,0,0,0,1,0,0,0,0,0,0,0,0,0,0,0,0,0,0,0,0,0,0,0,0,0,0,0,0,0,0,0,0,1
323,2018-05-05,2,2.74,3.51,2.87,0.365,0.285,0.348,40.93,45.15,30,37,3,8,31,40,62,52,117,138,208,99,85,120,6.7,6.82,0,0,0,0,0,0,0,0,0,0,0,0,0,1,0,0,0,0,0,0,0,0,0,0,1,0,0,0,0,0,0,0,0,0,0,0,0,0
324,2018-05-05,0,8.5,5.3,1.47,0.118,0.189,0.68,46.76,63.62,24,68,5,10,27,66,52,31,106,192,246,115,83,165,6.61,6.95,0,0,0,0,0,0,0,0,0,0,0,0,0,0,0,0,0,1,0,0,0,0,0,0,0,0,0,0,0,0,0,0,0,0,1,0,0,0
325,2018-06-05,0,1.57,4.79,7.45,0.637,0.209,0.134,54.42,45.86,54,50,12,8,65,33,46,31,207,115,229,73,143,89,6.91,6.8,1,0,0,0,0,0,0,0,0,0,0,0,0,0,0,0,0,0,0,0,0,0,1,0,0,0,0,0,0,0,0,0,0,0,0,0,0,0
326,2018-06-05,0,2.29,3.66,3.4,0.437,0.273,0.294,56.37,61.03,63,68,10,9,57,77,33,36,200,212,287,110,153,156,6.94,6.99,0,0,0,0,1,0,0,0,0,0,0,0,0,0,0,0,0,0,0,0,0,0,0,0,0,0,0,0,1,0,0,0,0,0,0,0,0,0
327,2018-06-05,1,1.12,14.4,34.0,0.893,0.069,0.029,62.78,48.61,87,32,12,5,98,26,25,55,239,98,251,74,134,102,7.16,6.58,0,0,0,0,0,0,0,0,0,0,1,0,0,0,0,0,0,0,0,0,0,0,0,0,0,0,1,0,0,0,0,0,0,0,0,0,0,0
328,2018-08-05,2,3.34,3.31,2.55,0.299,0.302,0.392,45.02,55.38,32,32,2,5,26,34,51,50,80,130,195,99,84,106,6.58,6.68,0,0,0,0,0,0,0,0,0,0,0,0,0,0,1,0,0,0,0,0,0,0,0,0,0,0,0,0,0,0,0,1,0,0,0,0,0,0
329,2018-09-05,1,1.25,8.5,20.17,0.8,0.118,0.05,51.27,48.61,66,33,13,5,58,26,33,55,204,101,247,74,155,102,6.95,6.59,0,0,0,0,1,0,0,0,0,0,0,0,0,0,0,0,0,0,0,0,0,0,0,0,0,0,1,0,0,0,0,0,0,0,0,0,0,0
330,2018-09-05,0,3.89,3.91,2.01,0.257,0.256,0.498,51.62,62.63,41,57,4,12,45,70,50,46,124,215,211,94,109,146,6.73,6.93,0,0,0,0,0,0,0,0,1,0,0,0,0,0,0,0,0,0,0,1,0,0,0,0,0,0,0,0,0,0,0,0,0,0,0,0,0,0
331,2018-09-05,0,1.2,10.5,27.0,0.833,0.095,0.037,62.17,44.91,88,36,10,6,98,32,25,47,241,109,277,91,137,94,7.15,6.69,0,0,0,0,0,0,0,0,0,0,1,0,0,0,0,0,0,0,0,0,0,1,0,0,0,0,0,0,0,0,0,0,0,0,0,0,0,0
332,2018-10-05,1,4.75,3.88,1.84,0.211,0.258,0.543,46.17,56.51,38,74,5,9,43,63,61,26,118,160,186,83,80,154,6.72,6.98,0,0,0,0,0,0,0,0,0,0,0,0,0,0,0,0,0,0,1,0,0,0,0,0,0,0,0,0,0,0,1,0,0,0,0,0,0,0
333,2018-05-13,2,2.35,3.57,3.7,0.426,0.28,0.27,44.15,48.72,50,37,5,4,33,40,36,58,117,142,192,98,91,119,6.78,6.64,0,0,0,1,0,0,0,0,0,0,0,0,0,0,0,0,0,0,0,0,1,0,0,0,0,0,0,0,0,0,0,0,0,0,0,0,0,0
334,2018-05-13,0,1.85,4.01,5.0,0.541,0.249,0.2,42.92,40.51,40,27,11,8,42,28,53,52,140,107,242,91,124,85,6.82,6.62,0,0,0,0,0,1,0,0,0,0,0,0,0,0,0,0,0,0,0,0,0,0,0,0,0,0,0,0,0,0,0,0,0,0,0,0,1,0
335,2018-05-13,2,6.0,4.74,1.65,0.167,0.211,0.606,50.48,62.63,34,57,6,9,27,71,56,49,103,222,208,94,102,149,6.6,6.92,0,0,0,0,0,0,0,1,0,0,0,0,0,0,0,0,0,0,0,1,0,0,0,0,0,0,0,0,0,0,0,0,0,0,0,0,0,0
336,2018-05-13,0,1.22,8.0,19.0,0.82,0.125,0.053,54.0,44.91,68,36,6,5,77,33,37,50,217,112,280,91,156,94,6.98,6.68,0,0,0,0,0,0,0,0,0,1,0,0,0,0,0,0,0,0,0,0,0,1,0,0,0,0,0,0,0,0,0,0,0,0,0,0,0,0
337,2018-05-13,0,1.53,6.0,11.0,0.654,0.167,0.091,52.29,51.98,75,35,7,2,63,39,26,62,166,117,228,107,157,111,6.98,6.65,0,0,0,0,0,0,0,0,0,0,0,1,0,0,0,0,0,0,0,0,0,0,0,0,0,0,0,0,0,0,0,0,0,0,0,1,0,0
338,2018-05-13,2,9.0,5.11,1.51,0.111,0.196,0.662,57.8,71.93,35,91,8,13,35,101,50,26,138,248,282,116,108,141,6.69,7.15,0,0,0,0,0,0,0,0,0,0,0,0,1,0,0,0,0,0,0,0,0,0,0,0,0,0,0,0,0,1,0,0,0,0,0,0,0,0
339,2018-05-13,2,2.08,3.79,4.29,0.481,0.264,0.233,41.96,41.82,32,30,1,3,26,32,52,64,83,119,195,76,87,86,6.58,6.69,0,0,0,0,0,0,0,0,0,0,0,0,0,0,1,0,0,0,0,0,0,0,0,0,0,0,0,0,0,0,0,0,1,0,0,0,0,0
340,2018-05-13,0,1.38,6.0,9.56,0.725,0.167,0.105,56.45,48.98,68,44,7,4,66,48,32,51,197,134,270,81,171,112,6.94,6.74,0,0,0,0,0,0,0,0,0,0,0,0,0,0,0,1,0,0,0,0,0,0,0,0,0,0,0,1,0,0,0,0,0,0,0,0,0,0
341,2018-05-13,0,2.45,3.51,3.28,0.408,0.285,0.305,43.55,46.33,39,43,5,6,43,41,61,55,120,109,195,75,81,79,6.72,6.66,0,0,0,0,0,0,0,0,0,0,0,0,0,0,0,0,0,0,1,0,0,0,0,0,0,1,0,0,0,0,0,0,0,0,0,0,0,0
